"","mz","mzmin","mzmax","rt","rtmin","rtmax","npeaks","pbqc","treatment1","treatment2","pooled_R1.mzXML","pooled_R2.mzXML","Pooled_R3.mzXML","Treatment1_R1.mzXML","Treatment1_R2.mzXML","Treatment1_R3.mzXML","Treatment2_R1.mzXML","Treatment2_R2.mzXML","Treatment2_R3.mzXML","isotopes","adduct","pcgroup","RespMed"
"9",248.960700671318,248.960612411678,248.960822801643,16.2161517628359,16.1183262382994,16.7826568282714,9,3,3,3,79514,76798,74180,79184,76473,76738,80911,81368,72466,"[1][M]-","","69",76798
"937",206.972639733548,206.972039139336,206.973062915347,94.4267312549923,92.989164845944,94.5157602079676,9,3,3,3,35279,31125,31935,32573,47906,33314,28930,27273,25935,"[211][M]-","","104",31935
"327",197.807925452039,197.807697711589,197.808310778066,105.698225071184,104.26110808904,106.560971378891,8,3,2,3,8464,8472,8605,11400,4956,890,20429,11683,6953,"","","176",8472
"5306",751.639783113677,751.639643079039,751.639923148316,120.783023022472,119.061644087034,122.504401957911,2,0,0,2,603,554,631,0,0,0,1164,1144,1100,"","","885",603
"329",187.042082253938,187.041615511762,187.042679537254,128.521343232988,127.083176557804,128.662761387243,9,3,3,3,5190,4543,4949,2688,3648,12726,2532,2383,2251,"","","227",3648
"7426",191.01979565948,191.01979565948,191.01979565948,138.54956292824,138.54956292824,138.54956292824,1,0,0,1,2559,2314,2395,683,726,3106,4297,3874,3852,"","","314",2559
"336",481.097656332522,481.095273477667,481.099019025913,154.506862705646,152.583360698672,154.781024074318,9,3,3,3,7137,6657,6612,3659,3260,4122,10345,9463,7933,"[63][M]-","","244",6657
"378",735.144718615896,735.143159107163,735.146015720851,186.640243005076,185.231275730608,186.92609050366,6,3,0,3,4728,4106,4462,0,0,0,9884,9389,8117,"","","248",4462
"496",945.156553328854,945.154507156238,945.158716620745,207.425579152363,206.702972278964,208.952019559397,9,3,3,3,5057,4414,4379,5769,4821,4541,4446,3329,2900,"[95][M]-","","301",4446
"382",385.02358295814,385.022892676066,385.024253595983,224.743221279602,223.324649729128,225.09767902972,9,3,3,3,17005,16492,16618,18987,25105,34520,6795,4837,4688,"[72][M]-","","134",16618
"450",727.147552342069,727.146447101511,727.148032399214,251.105088182368,250.776233444634,252.359509912484,6,3,0,3,7294,6695,6721,0,126,112,15151,14108,12502,"","","208",6721
"437",169.014620334808,169.014354058695,169.015176357731,264.832817279569,263.104843922193,265.277926988595,9,3,3,3,219586,202016,204388,215307,208555,213596,204682,200478,170319,"[81][M]-","","21",204682
"419",689.082375168864,689.081541834291,689.083471734897,274.855258948197,273.047798757957,275.322936570633,9,3,3,3,51372,46741,48856,56926,53127,54888,49495,37956,33108,"[80][M]-","","90",49495
"681",673.087533669975,673.087065565109,673.088111665417,296.907440224051,294.923145305886,297.421891259401,9,3,3,3,101222,94086,95145,107601,95512,91835,103672,76292,70289,"[135][M]-","","50",95145
"501",369.028777304976,369.028042483312,369.029326416962,316.39749856121,314.808739583017,317.511777225409,9,3,3,3,215345,195878,203339,306884,308352,363012,61832,51215,43639,"[98][M]-","","11",203339
"407",183.030257899109,183.030112475863,183.030887907374,332.987876073884,330.715099477564,333.582638940241,9,3,3,3,37352,33962,35811,38963,38768,38393,29606,28178,24529,"[75][M]-","","127",35811
"454",881.193190017544,881.192304579386,881.194318548722,343.610722798409,343.036895203596,344.415787793783,5,2,0,3,5578,5026,5029,1208,1376,1034,9651,9104,8457,"[87][M]-","","249",5029
"418",206.045958057159,206.045320428157,206.046768719074,355.072947775238,352.588870631654,355.682395172627,9,3,3,3,12660,11479,12444,11253,10993,11055,12992,13657,11588,"[79][M]-","","217",11588
"415",495.113131424816,495.112516948673,495.114239484462,373.07874115646,371.57754659692,373.762147761027,9,3,3,3,7748,7246,7192,2736,2607,3111,12431,11528,10759,"[77][M]-","","230",7246
"425",321.061569625849,321.060760815602,321.062335625755,385.158136824434,383.625872297787,385.817968651878,9,3,3,3,4670,3958,4189,2895,2857,2785,5953,5968,4835,"","","296",4189
"5328",701.103156471154,701.103113865209,701.103199077099,390.778931438642,389.714994984535,391.842867892748,2,0,0,2,2698,2661,2556,2272,2762,4752,1294,2639,2193,"","","1035",2639
"438",219.051024226045,219.050554898324,219.051759321656,404.451055385583,402.304077147074,405.906631654559,9,3,3,3,9298,8484,8948,10419,12841,13943,5415,5237,4518,"[82][M]-","","214",8948
"504",719.149690155306,719.14872894017,719.151610769473,422.219751458108,421.314303786244,423.559955384288,6,3,0,3,19079,16947,17857,0,119,0,38894,37437,32193,"","","128",17857
"9844",329.086724109914,329.086622077293,329.086826142534,438.973281332328,438.102118038151,439.844444626504,2,0,2,0,965,858,887,1107,1279,1204,626,622,548,"","","403",887
"682",673.087688917098,673.08649007451,673.088388297208,457.85625795962,457.278569641587,458.482150181103,9,3,3,3,87351,81061,83480,83448,78534,72630,101976,74094,69715,"[136][M]-","","52",81061
"525",603.10307050463,603.100001334401,603.104426147009,469.351544426036,467.874859143381,470.190860396916,8,3,2,3,3027,2506,2750,1247,1380,2357,3788,3973,3369,"","","330",2750
"552",153.019877717397,153.019688607753,153.020467454942,483.46731289959,481.852056959335,484.251088777989,9,3,3,3,36145,34251,32711,32759,30826,34714,32645,36299,30394,"[106][M]-","","133",32759
"615",609.125001903106,609.123201323575,609.125954765368,507.506813569519,505.394479397652,508.356581197473,9,3,3,3,11729,9685,10540,3890,3323,3536,18425,16453,15621,"[125][M]-","","188",10540
"7366",657.819834059294,657.819834059294,657.819834059294,525.572086677925,525.572086677925,525.572086677925,1,0,0,1,1587,0,0,1950,0,0,1223,0,657,"","","432",0
"739",657.092583732712,657.091475672264,657.09423466534,527.563637688554,524.176680228972,530.452082169925,9,3,3,3,426497,394609,402076,535640,510217,452758,313478,223353,212918,"[151][M]-","","5",402076
"482",657.80295670818,657.80295670818,657.80295670818,528.519634134069,528.519634134069,528.519634134069,1,1,0,0,1587,0,0,1950,0,0,1223,0,657,"","","432",0
"624",129.019632576494,129.019050012205,129.0205144473,542.009208826116,540.23782461758,542.526521217379,3,1,1,1,2217,1992,1980,2184,1997,2057,1769,1983,1705,"","","342",1992
"11055",865.18762893532,865.18762893532,865.18762893532,560.006540026174,560.006540026174,560.006540026174,1,1,0,0,10292,9747,9203,6759,5673,6529,12929,12853,12096,"[1617][M]-","","223",9747
"632",621.145058843639,621.144497458668,621.14662177281,578.070918301489,577.702488451035,578.661791267167,5,2,0,3,4001,3279,3597,410,465,163,19707,1990,4258,"[128][M]-","","179",3279
"854",632.100556555655,632.098626516402,632.102598035202,589.736505387698,588.54942449788,590.10625688951,6,3,0,3,1662,1361,1591,247,232,241,3896,2861,2655,"[187][M]2-","","331",1591
"719",175.061607319555,175.061062520413,175.062467387577,603.769226676616,601.179111289668,604.774782010368,9,3,3,3,53823,52880,51563,60202,60432,62720,39599,43063,35778,"[144][M]-","","86",52880
"760",593.129869541089,593.129026814504,593.131039586257,615.666863853006,613.793737224138,617.09424838572,9,3,3,3,182739,161545,169514,75119,67813,72402,286279,261238,243272,"[158][M]-","","16",169514
"588",150.020180117777,150.019558768947,150.020985071352,635.872526010434,634.164196739316,636.986187987979,9,3,3,3,14315,13232,13198,23534,21946,21476,1906,2044,1829,"[117][M]-","","156",13232
"579",382.53726317089,382.534769192363,382.537639125175,650.107258497193,648.578199991261,652.896864885282,4,3,1,0,1430,1306,1307,1593,1586,2596,911,996,766,"","","359",1307
"762",593.130012136801,593.128988810595,593.130984574852,659.782818258889,657.903627268739,660.849889694445,9,3,3,3,111914,99964,102566,66708,59098,65764,150572,135715,125777,"[160][M]-","","36",102566
"604",785.106542725204,785.104790850377,785.109691000642,672.377187282861,670.226633104541,676.756600778258,7,2,2,3,3259,2936,3229,1705,1519,1688,2314,6073,5198,"[120][M]-","","292",2936
"809",399.002397762605,399.001941670786,399.003554500745,683.565548849759,681.958166816444,684.592088433373,6,3,0,3,58875,51693,56323,32983,31188,34145,54296,82745,71648,"[171][M]-","","68",54296
"690",369.028679803274,369.027806433054,369.029454874363,700.057931300735,695.172464846977,706.563591322667,9,3,3,3,42143,38804,39000,56746,52967,50284,20565,18286,15443,"[137][M]-","","93",39000
"679",480.069457065026,480.068725729108,480.070784033586,722.545554179045,718.033638686795,728.428182365014,9,3,3,3,8956,7308,7960,4602,4222,4083,16431,12863,9840,"[134][M]2-","","203",7960
"808",399.002576115736,399.002087991913,399.003390376963,762.612718127338,760.106070949164,766.107532740528,9,3,3,3,190410,170766,176514,128291,122749,132817,174189,267667,235957,"[170][M]-","","18",174189
"9907",536.083091511981,536.083091511981,536.083091511981,790.094977165579,790.094977165579,790.094977165579,1,0,1,0,2101,1790,1998,2220,2164,2222,2049,2035,1771,"","","374",2049
"744",895.159718286916,895.158293869701,895.163992357999,822.415821192633,817.691649211429,827.913708288515,9,3,3,3,6177,5552,5685,3065,3065,3144,8942,7956,7098,"[153][M]-","","257",5685
"9905",201.04072469088,201.04072469088,201.04072469088,845.830257972156,845.830257972156,845.830257972156,1,0,1,0,1046,1081,1165,1200,1565,2256,621,542,529,"","","757",1081
"746",329.087984154729,329.087035432031,329.088147853499,846.552818108542,845.688883206378,848.2709096993,9,3,3,3,15090,13823,13913,8755,8488,9241,20215,20677,17293,"[154][M]-","","174",13913
"705",183.030474454991,183.029927394501,183.030854737262,858.53270190674,857.771108685494,859.859783162853,9,3,3,3,53289,48788,49347,52805,50068,53455,42534,45801,40758,"[140][M]-","","95",49347
"707",467.1185976841,467.117676517847,467.119416498955,868.557857023112,867.839901011509,869.718029778831,9,3,3,3,4199,3610,3718,3065,2916,3211,4572,4745,3867,"","","579",3718
"5407",495.112458945573,495.111611980219,495.113305910927,870.043774500954,866.173807798131,873.913741203776,2,0,0,2,1337,1286,1370,658,616,726,2074,2006,1683,"","","379",1337
"711",382.100052964552,382.099687942948,382.100910918965,887.089464072286,885.963487185836,889.622757024802,9,3,3,3,12557,11939,12470,19918,19721,20343,3924,3953,3620,"[141][M]-","","177",12470
"8519",657.092663356201,657.09167157577,657.093381125842,900.656803579899,899.133430229254,902.071055946237,5,2,3,0,5541,5160,5159,8637,8322,6921,2172,1566,1560,"","","259",5160
"775",509.12914718804,509.128251126253,509.130260127317,922.389523164398,920.925815705124,923.455938668714,9,3,3,3,31196,29097,28534,18345,16425,17172,42067,41377,36878,"[163][M]-","","116",29097
"761",593.129650468646,593.128648096662,593.130762207918,941.987609126997,940.318777089561,943.349440902054,9,3,3,3,56472,52071,52836,38556,34284,39570,71189,64356,60371,"[159][M]-","","75",52836
"787",701.115319459181,701.110851386215,701.117850896057,966.852654808226,963.928756589098,971.200037635133,9,3,3,3,16394,15475,15480,9253,8903,10645,19032,21434,19347,"[166][M]-","","169",15480
"737",481.131623934638,481.127275021892,481.135136143847,986.335294996706,984.902819626069,993.086238331277,9,3,3,3,13831,12188,12384,8151,7874,8095,17436,18296,15624,"[150][M]-","","151",12384
"801",181.050524528967,181.050274144124,181.051040877278,1000.94800911824,999.053726518116,1002.39503081086,9,3,3,3,10131,10058,10325,12397,11365,10849,8242,8063,7913,"[168][M]-","","231",10131
"827",623.088850114472,623.087669200509,623.090635189891,1020.83128937731,1018.95344304123,1021.78078549778,9,3,3,3,168680,148018,156644,145179,145910,165087,153448,164681,146439,"[175][M]-","","31",153448
"771",481.098454114704,481.097586929341,481.101200458366,1053.4434754572,1052.13000033977,1055.71233678511,6,3,0,3,3455,2921,3077,1419,1295,1403,5292,5370,4545,"[162][M]-","","310",3077
"11450",481.07654929139,481.073377321627,481.079721261153,1054.33308171788,1053.58457699489,1055.08158644088,2,0,2,0,3455,2921,3077,1419,1295,1403,5292,5370,4545,"","","310",3077
"805",153.019831337382,153.019255064479,153.020119079305,1073.68423246712,1070.70210586178,1075.39323026543,9,3,3,3,13313,12638,12252,16890,15346,15851,9026,9199,8031,"[169][M]-","","197",12638
"821",285.043735446779,285.043205557234,285.044788857321,1095.80845599273,1094.03647233108,1097.65698364841,9,3,3,3,17164,14722,15728,9948,9141,9303,23062,22869,21254,"[173][M]-","","159",15728
"11457",408.075491622127,408.075491622127,408.075491622127,1113.54044027,1113.54044027,1113.54044027,1,0,1,0,720,659,664,1398,1356,1331,0,111,116,"","","397",664
"830",295.046161893908,295.045537680724,295.046762250913,1138.131871415,1136.3962266755,1139.75286802895,9,3,3,3,77890,69429,74070,57394,57521,62447,86975,88584,79707,"[178][M]-","","60",74070
"867",419.097890399437,419.096833105615,419.098711540721,1160.2343382021,1157.85436552561,1163.62563664109,9,3,3,3,11453,10091,10296,7937,7528,6273,19320,10571,10562,"[191][M]-","","181",10296
"851",277.12311470489,277.122787345362,277.123294566334,1200.17636856893,1198.36710770228,1205.69184976813,6,3,3,0,1877,1479,1754,4058,3763,2900,656,152,217,"","","289",1754
"5432",401.086853205052,401.085384033681,401.087682572213,1203.59255973768,1203.12139178254,1203.9409666243,4,1,0,3,2709,2393,2484,418,386,411,6256,4035,3726,"[1202][M]-","","1028",2484
"905",849.155549198572,849.15444635663,849.157698430263,1217.06064944422,1213.15390619112,1218.00957731199,6,3,0,3,3114,2765,2992,1675,1515,1516,4953,4062,3917,"[200][M]-","","317",2992
"849",240.033796681895,240.033322747387,240.034391815355,1229.63817928471,1225.64195592068,1232.55335980387,9,3,3,3,6618,5929,6474,9317,8632,13106,1491,2254,2241,"[184][M]-","","222",6474
"968",657.091684457371,657.089792089354,657.093554002103,1266.23703063531,1263.31802707718,1267.80917404667,9,3,3,3,12347,11533,11956,18062,16750,14567,7519,5207,4945,"[218][M]-","","191",11956
"892",321.061647450358,321.059982457545,321.062181628265,1286.36955685786,1284.83316134266,1289.68344379939,8,3,2,3,3761,3190,3370,2136,1948,2188,4954,4586,4000,"","","316",3370
"865",355.06659713479,355.065612798296,355.067015333208,1301.00317092108,1299.34568028782,1302.40294501384,7,3,1,3,4226,3690,3690,1826,1897,2288,5539,5793,5037,"","","300",3690
"951",189.077129786856,189.076394630999,189.077256762294,1323.50939075622,1319.62684977495,1325.16506185534,9,3,3,3,66314,61028,62784,41043,41167,41073,85772,84673,77937,"[216][M]-","","61",62784
"861",651.170099173855,651.169118362956,651.171428172566,1339.59509903378,1337.25005855634,1341.57188327462,6,3,3,0,2306,2250,2273,4381,4058,4942,150,180,0,"[190][M]-","","318",2273
"9180",343.111642131593,343.111642131593,343.111642131593,1353.60375370209,1353.60375370209,1353.60375370209,1,0,0,1,5709,5068,5218,7741,7325,7116,3457,3117,2692,"","","265",5218
"859",343.126525592733,343.124329083819,343.129406442814,1354.34176444995,1351.16329995221,1357.34512368239,6,3,3,0,5709,5068,5218,7741,7325,7116,3457,3117,2692,"[189][M]-","","265",5218
"915",165.055850829919,165.055211565961,165.056338949599,1381.56065865413,1377.50728681177,1382.71032294058,9,3,3,3,59418,53110,51547,36966,34493,35895,76080,76059,67588,"[203][M]-","","71",53110
"896",511.143931618966,511.143076870419,511.146138787563,1399.4818219667,1397.3796295646,1402.76895746354,9,3,3,3,5154,4923,5064,4581,4196,4922,5675,5493,4904,"[199][M]-","","303",4923
"5472",189.076953901983,189.076460418688,189.077600490365,1419.77521325277,1413.68751126999,1423.82237138835,3,1,0,2,10109,9751,9998,6674,6577,5123,13037,13513,11135,"[1207][M]-","","219",9998
"884",261.087875659152,261.087154922639,261.088997769134,1433.92534404434,1431.45602193807,1436.85078964018,9,3,3,3,6975,6077,6351,11232,10339,10934,2201,2505,2023,"","","679",6351
"1793",881.193242802016,881.191843226162,881.196314545577,1449.12394360527,1446.8222029215,1451.78464875611,6,3,0,3,16015,13664,14366,563,943,455,29594,27920,25107,"[419][M]-","","141",14366
"7439",165.056141412671,165.056141412671,165.056141412671,1472.91756807251,1472.91756807251,1472.91756807251,1,0,0,1,6492,6120,5760,4853,4124,3391,9343,8368,7773,"[1389][M]-","","254",6120
"946",359.097978607117,359.096999385818,359.098966056152,1510.25636509704,1507.86979409706,1513.81365277786,9,3,3,3,19674,17084,18319,16230,15895,16244,21111,22059,18554,"[213][M]-","","164",18319
"918",183.030164189266,183.029550045584,183.030551761665,1533.41577945808,1530.48449705803,1536.40992578409,9,3,3,3,7767,7654,7155,12762,11702,12252,3091,2918,2613,"[204][M]-","","226",7654
"1078",383.00717912852,383.006120169188,383.008097651607,1553.58917168848,1550.39221901939,1555.40505824656,6,3,3,0,26565,24800,24870,16392,15691,16609,24756,40157,37468,"[246][M]-","","125",24800
"1155",295.045878795253,295.044934809981,295.046826785826,1588.0503809889,1584.22763769108,1589.37881031265,9,3,3,3,234922,213505,226845,155242,156450,162080,291690,291487,261076,"[266][M]-","","15",226845
"1080",383.007011341066,383.006190633303,383.008195776273,1613.59359564517,1610.09680203666,1616.17913800384,6,3,0,3,28698,25087,26265,15850,15797,17186,25983,42437,38912,"","","114",25983
"2038",577.133911038622,577.132791678575,577.136102019378,1645.1282302616,1641.93199816114,1649.37995451941,9,3,3,3,69012,60806,63320,89556,81729,86961,43675,37944,35268,"[489][M]-","","59",63320
"9963",465.196964851447,465.196792071008,465.199573113731,1676.6218986492,1675.6343762136,1681.44881034984,3,0,3,0,1009,963,980,1693,1607,1629,300,291,222,"","","632",980
"1079",383.007020550221,383.006212041038,383.008299672596,1680.84128181301,1672.45819368137,1691.47667129883,7,3,2,2,27873,24675,25963,16353,16296,17298,25983,41362,38300,"[247][M]-","","119",25963
"964",382.113566436778,382.112277291155,382.115140225184,1703.2323826902,1701.79450018996,1706.6242409654,9,3,3,3,1841,1605,1957,1909,1837,1970,1670,1665,1462,"","","120",1837
"1039",193.014002460892,193.013140199339,193.014772176714,1707.82974138483,1703.60864411772,1711.53630171032,9,3,3,3,23803,20919,21698,21995,20968,22903,19281,19050,17470,"[238][M]-","","154",20968
"1189",443.190950922156,443.190046033742,443.193555833472,1733.98884775875,1731.28828402421,1737.43541203317,9,3,3,3,9531,11630,10720,10375,10187,10975,11745,12648,10848,"[273][M]-","","209",10848
"1020",206.081724400899,206.080795292994,206.0826448352,1742.77343230903,1739.80967910893,1751.36431448206,9,3,3,3,2236,2947,2364,3209,3210,3333,2357,2584,2353,"","","335",2584
"2039",577.133621824757,577.132976870906,577.137421616282,1765.99205897186,1761.31353562325,1773.71824662452,9,3,3,3,399588,350007,364119,402032,380617,404522,357200,347692,308567,"[490][M]-","","7",364119
"1051",241.119196216553,241.118635923021,241.120243375228,1794.99099158369,1783.33176217365,1799.76808752374,9,3,3,3,5724,4437,4678,6545,6366,6475,1682,1585,1486,"","","282",4678
"8535",193.013741055029,193.012881407006,193.014981409403,1808.96673397566,1804.25828192457,1818.54093230799,4,2,2,0,911,1810,1700,1975,1769,2329,1102,1602,1065,"","","1010",1700
"1085",631.165283044783,631.163763342202,631.169039951885,1809.06011029177,1795.33554646437,1829.80579747898,9,3,3,3,6584,5509,5520,5790,5872,5945,5254,5299,5003,"[250][M]-","","281",5520
"1188",443.191126428531,443.19041586455,443.193825802962,1822.73958714427,1811.3389200396,1836.90854885706,6,3,0,3,124541,105692,113617,79856,72221,82351,103709,105850,92036,"[272][M]-","","42",103709
"1150",201.040480757673,201.039238275131,201.041294360135,1847.86970788565,1834.46834554289,1861.86132531975,6,3,3,0,1614,1626,1599,1130,941,801,2677,2300,2239,"","","340",1614
"10039",443.190444791983,443.190380062408,443.192261200475,1861.86132531975,1861.0971080791,1862.86117518148,3,0,3,0,124541,102998,113617,113462,108662,114569,12414,19773,18988,"[1551][M]-","","43",108662
"2041",577.134089272455,577.132807013821,577.137390619402,1890.60555525249,1885.08647597247,1907.49373641781,9,3,3,3,68336,62429,58657,107510,105786,110328,48401,46517,36597,"[492][M]-","","46",62429
"8547",733.268756395998,733.267057069797,733.272050458036,1920.64684382822,1915.24560147459,1945.12836073594,4,1,3,0,1585,1306,1376,2277,2228,1964,444,176,288,"","","320",1376
"1333",289.071389165662,289.070650283077,289.07257550911,1957.15037557185,1943.45716485906,1969.43361353324,6,3,3,0,662811,612172,625422,766778,755588,768309,407798,410895,369820,"[300][M]-","","2",625422
"5546",403.064997897127,403.064224292599,403.065771501655,1997.78120624766,1991.51044670357,2004.05196579175,2,0,0,2,971,859,883,887,929,884,831,1057,899,"[1217][M]-","","426",887
"5653",289.07218045308,289.071728065086,289.073878573512,2003.27481874307,2001.52115453284,2008.07783473186,3,0,0,3,660583,612172,625056,726900,718626,748492,407798,410895,369820,"[1227][M]-","","3",625056
"7462",325.048490492368,325.047343710871,325.048999411537,2027.71939085896,2023.19369387263,2032.12471304045,4,2,1,1,13973,12128,12420,12497,12720,13693,12591,0,11328,"[1390][M]-","","213",12497
"1162",329.086409320716,329.084233947834,329.089682638744,2059.23582125594,2051.6524397415,2070.44216108479,9,3,3,3,4671,4273,4200,1205,1270,1380,10331,10734,9591,"","","216",4273
"11080",479.139585320303,479.139585320303,479.139585320303,2080.25065325185,2080.25065325185,2080.25065325185,1,1,0,0,3038,1669,1936,823,805,544,2676,2296,2168,"","","333",1936
"1334",289.071334683078,289.070921195858,289.072541429311,2101.49698105624,2091.74715207475,2113.60603574228,7,3,3,1,202919,206537,203149,308479,307097,266349,100529,113861,85928,"[301][M]-","","14",203149
"1335",325.091949453768,325.090779516577,325.094312104527,2131.0487286093,2127.37896002236,2132.80396907705,6,3,0,3,36644,34189,34991,0,0,6757,73640,76562,70665,"[302][M]-","","70",34991
"11485",177.023080539685,177.023080539685,177.023080539685,2153.04893510938,2153.04893510938,2153.04893510938,1,0,1,0,152,134,155,163,183,152,0,0,0,"","","1068",152
"1191",221.044834407521,221.044074350552,221.046494014308,2153.35596296428,2148.74487430694,2161.22752165942,9,3,3,3,3978,3804,3933,2642,2405,3191,4586,5371,4941,"","","309",3933
"1207",312.155650272209,312.155177846971,312.157115124662,2170.57738627825,2140.68864151346,2181.08887228148,6,3,3,0,1580,1418,1428,3075,3118,3474,141,226,146,"","","1023",1428
"1320",469.113350328273,469.111419758575,469.115446784638,2175.22451487108,2169.19365609695,2181.09286398928,6,3,0,3,3686,3503,3383,3278,3641,1796,6444,6306,5637,"[296][M]-","","287",3641
"8633",289.070893385544,289.070893385544,289.070893385544,2201.42408294825,2201.42408294825,2201.42408294825,1,1,0,0,70424,67029,65108,111436,104047,125592,26648,26778,23788,"","","40",67029
"11086",580.152690704204,580.152690704204,580.152690704204,2229.32399347898,2229.32399347898,2229.32399347898,1,1,0,0,2109,2155,1880,4706,3997,5739,435,502,351,"","","302",2109
"8555",707.149740709269,707.149740709269,707.149740709269,2233.46974869416,2233.46974869416,2233.46974869416,1,1,0,0,888,805,882,281,261,263,3084,1398,1271,"","","1058",882
"5570",329.088345302178,329.083298853914,329.093051296173,2251.6401769312,2239.4795687546,2273.66472051204,3,1,0,2,186,217,215,170,131,131,310,318,289,"","","793",215
"1318",469.113156105012,469.111551223879,469.11578765349,2253.49760568122,2250.07960043474,2257.56197654789,9,3,3,3,17416,16107,16537,18219,17372,18174,14793,14310,13141,"[295][M]-","","189",16537
"10047",417.120873693374,417.120873693374,417.120873693374,2267.53526585423,2267.53526585423,2267.53526585423,1,0,1,0,724,699,716,983,948,1176,306,322,327,"","","670",716
"1339",325.092455352857,325.090661006821,325.094713203102,2289.63907381761,2287.52218717186,2307.57703314179,5,2,0,3,14717,13580,11314,2840,2732,4895,21715,30155,27186,"","","140",13580
"1229",241.118565091104,241.118298976455,241.119018967208,2322.2832341734,2315.58880951205,2332.49883065749,4,2,2,0,3607,2371,3248,5425,5640,5249,616,801,544,"[280][M]-","","305",3248
"10052",325.063832860761,325.063832860761,325.063832860761,2352.03055154265,2352.03055154265,2352.03055154265,1,0,1,0,12032,11231,11146,1414,1140,1368,20552,22018,19967,"","","166",11231
"1275",594.138700801685,594.13701461089,594.14184105221,2357.0222058296,2346.26264464455,2368.27836970297,8,3,3,2,6498,5940,5722,8391,7446,9054,2915,2643,2377,"[287][M]-","","734",5940
"5607",325.09308258337,325.09263291542,325.094804672749,2375.6198656146,2374.31960586651,2376.38071234924,3,1,0,2,12108,11231,11146,1016,852,1131,20996,22018,19967,"[1223][M]-","","165",11231
"1336",325.093577867206,325.09169535166,325.094623157765,2381.42632738097,2380.29076451937,2384.38692964997,3,1,0,2,12108,11231,11146,1414,1140,1525,20996,21470,19967,"","","165",11231
"1256",369.028935492623,369.028134315816,369.030186668981,2390.6779063816,2382.2830501719,2400.36069150652,4,2,2,0,1780,1808,1657,2895,2699,2603,771,667,619,"","","351",1780
"1223",307.139370941787,307.138644069871,307.139885295788,2411.72710559195,2408.6148144954,2418.12215779403,4,2,2,0,1072,1093,940,1159,1088,1017,921,994,873,"","","406",1017
"8621",289.07098618817,289.07098618817,289.07098618817,2513.85162310708,2513.85162310708,2513.85162310708,1,1,0,0,173217,182538,175777,268853,267684,251344,76340,79633,64716,"","","17",175777
"1700",197.045497072523,197.044444078157,197.046634058339,2571.72260139604,2569.15924975315,2574.44144045263,9,3,3,3,335318,310466,308149,262937,246993,260921,367921,363883,324726,"[387][M]-","","10",310466
"1315",371.076818717979,371.076022216725,371.078849784678,2617.9727494239,2615.11063544731,2620.84185380992,9,3,3,3,10210,9086,9423,4142,4082,4272,15618,13778,12488,"[293][M]-","","201",9423
"12019",769.107585816618,769.107585816618,769.107585816618,2644.99130448715,2644.99130448715,2644.99130448715,1,0,1,0,1826,1658,1761,2285,2063,2058,979,1413,1229,"","","831",1761
"1394",637.269756319766,637.268708149048,637.273770436891,2661.06545770483,2654.37379214,2679.42388500725,9,3,3,3,11982,11200,11131,8225,7950,8722,14359,14928,12427,"[313][M]-","","210",11200
"1307",989.329367710335,989.326568343567,989.334424444626,2669.65759830767,2664.43646257706,2675.42827226582,6,3,3,0,1823,1253,1780,2028,1830,1264,596,530,448,"","","856",1264
"1702",197.045187051048,197.044377577123,197.046410443389,2695.40764872708,2694.53954401773,2706.87777405249,9,3,3,3,76134,68938,71774,61817,56187,60742,84718,81251,74044,"[389][M]-","","62",71774
"9223",487.142730756842,487.142730756842,487.142730756842,2722.99166939102,2722.99166939102,2722.99166939102,1,0,0,1,2136,1925,1972,938,862,955,3727,3506,3054,"","","334",1972
"10117",769.108835866825,769.106592146694,769.111079586955,2743.2048867685,2739.19443994205,2747.21533359495,2,0,2,0,3127,2662,2936,3253,3080,2922,1594,3023,2792,"","","238",2936
"1561",685.122588593328,685.119510920985,685.124935406442,2751.30824063926,2734.79983344824,2767.38223232641,9,3,3,3,49496,43593,45375,37048,34741,37593,52840,57504,50618,"[350][M]-","","85",45375
"1552",381.17573172556,381.174377961406,381.177035013466,2786.9030682289,2781.49839331497,2797.18290161571,9,3,3,3,8702,8553,8479,11690,10667,11970,5841,6095,4887,"[345][M]-","","89",8553
"1369",325.057510400431,325.054955574453,325.062819359785,2801.34311092611,2796.88837151649,2805.6998209463,9,3,3,3,64131,58848,60617,68646,67259,69182,47948,48594,41423,"[309][M]-","","76",60617
"1451",206.081655410971,206.081073183605,206.082652196968,2825.86667577219,2823.40032734119,2833.1127900032,9,3,3,3,11702,9632,10107,7235,7246,6835,12866,12655,11694,"[324][M]-","","225",10107
"10094",474.118320619941,474.115792911633,474.119355084779,2827.41064323237,2826.50821951518,2827.88235745148,3,0,3,0,677,635,654,1080,1109,1157,0,0,0,"","","883",654
"1395",325.091375803879,325.089111896908,325.092903000863,2843.35925203822,2842.81767215605,2847.09184655312,4,1,0,3,32151,40011,40530,51135,44834,53775,54854,56867,52091,"[314][M]-","","91",51135
"1563",163.040487162523,163.039758763241,163.04107246078,2872.43479906667,2868.77367769604,2882.33220496417,9,3,3,3,28395,27172,26685,17544,16926,18555,37137,36755,32577,"[352][M]-","","130",27172
"1400",481.04392070189,481.042467276524,481.045201753532,2873.07979088909,2858.79098963732,2884.34902122003,8,3,3,2,10544,10108,10478,19989,19340,20863,680,2731,2326,"[315][M]-","","651",10478
"10122",325.056890658117,325.055390845645,325.057210698263,2909.15417867883,2907.63299339386,2914.60136683013,3,0,3,0,32151,28916,30323,10837,11023,11591,54854,56867,52091,"[1557][M]-","","92",30323
"1518",615.171639567359,615.169682044821,615.172708234262,2934.05794148208,2932.12103922166,2939.03549466449,9,3,3,3,17403,14984,15728,10308,9258,9967,21640,21526,19589,"[337][M]-","","168",15728
"1450",330.201726156752,330.201432761441,330.20396434534,2934.51974825414,2928.02846927006,2947.03481122699,3,3,0,0,1250,1124,1063,1953,1943,1958,332,209,276,"","","738",1124
"1523",263.140443925569,263.139628138692,263.140983261201,2962.58726378806,2943.42622168978,2989.0332608418,6,3,3,0,5921,6616,6048,11357,10756,10415,1932,920,1314,"[340][M]-","","237",6048
"1746",319.045776104329,319.044832032839,319.046823876659,2999.86749602279,2995.03450674285,3003.36178192787,9,3,3,3,46147,42212,43160,41182,39733,38340,48389,46196,42665,"[404][M]-","","102",42665
"1515",201.040420717321,201.039544041185,201.040842547543,3028.50987044457,3022.45411771101,3045.03111071579,9,3,3,3,3353,2816,3080,2946,2756,2664,3172,3148,3053,"","","297",3053
"10111",615.169362870449,615.168310511237,615.170415229662,3046.86194761983,3043.96501473558,3049.75888050408,2,0,2,0,2732,1719,2153,1207,1545,1496,2715,2249,2071,"[1556][M]-","","346",2071
"2042",577.133547913123,577.133077114675,577.135324028245,3079.07442397549,3076.45919681167,3081.01793982777,3,1,1,1,31462,28864,33483,35314,72356,62581,17894,9890,8300,"","","74",31462
"1595",431.191411200088,431.190045398969,431.19313727976,3113.45256160732,3108.23343454658,3128.97159683536,9,3,3,3,53938,49352,49554,35851,34603,36111,64004,66514,59001,"[361][M]-","","80",49554
"1547",314.208771242936,314.207241857372,314.20931820204,3130.79197015355,3122.85367576358,3142.9564104772,3,3,0,0,1817,1671,1607,2827,2962,2670,561,449,433,"","","973",1671
"5667",355.103023357263,355.102090884346,355.104204137196,3131.86880977982,3130.44003564483,3132.85375496306,8,2,3,3,6463,6126,5850,5003,4655,5030,7100,7538,6485,"[1228][M]-","","267",6126
"1795",881.194223508484,881.191561135187,881.196884252363,3143.31694762471,3136.9120429542,3145.04802272127,6,3,0,3,4666,4118,4351,368,595,353,8184,7619,7211,"[421][M]-","","207",4351
"1580",625.175833489031,625.173710500214,625.17674147307,3168.22318122931,3164.66785466449,3176.92016224181,9,3,3,3,3410,3056,3243,1937,1863,1724,4569,3716,3460,"","","324",3243
"1607",709.108152437912,709.106191996331,709.109585705128,3184.99499760796,3177.93222547629,3194.89500930553,8,3,2,3,4495,4017,4059,2182,2200,3027,6455,5548,4867,"[367][M]-","","286",4059
"2040",577.13481641046,577.132705008602,577.136761661009,3209.23205996463,3199.29118214663,3218.99710847976,9,3,3,3,277767,246083,248450,320940,300540,321691,160160,153251,137834,"[491][M]-","","13",248450
"1597",447.150235692069,447.14880531161,447.152304839719,3229.70581151599,3224.27483283659,3240.87570599943,8,3,2,3,4581,3922,4042,2431,2419,2178,6003,6052,5597,"[363][M]-","","294",4042
"1614",481.097999947355,481.09652918442,481.100065433409,3250.44549562852,3243.57559408031,3251.42605558472,8,3,2,3,9667,8507,8987,1297,1247,1270,17927,17330,16262,"[369][M]-","","192",8987
"1622",423.186248253402,423.185564743495,423.18889066173,3275.9533438542,3271.51349124573,3286.85857017071,8,3,2,3,3581,2896,3054,1384,1318,1396,4922,5462,4337,"","","280",3054
"1598",252.051511448587,252.050728728916,252.052096584137,3280.93929833363,3279.80258496132,3285.55962663101,6,3,3,0,4075,3792,3667,6385,5881,5761,1010,947,941,"","","1006",3792
"1592",509.169217502921,509.16753968586,509.17030736919,3281.67331153258,3275.52953082736,3286.85857017071,6,3,3,0,5630,4508,4805,4268,4195,4648,5140,5744,4903,"[360][M]-","","1005",4805
"4478",235.92597727113,235.92597727113,235.92597727113,3294.85741807208,3294.85741807208,3294.85741807208,1,1,0,0,659,617,574,652,609,622,603,571,592,"","","813",609
"1982",865.19843517923,865.19648189933,865.202537315832,3312.05354492538,3304.86560378363,3318.85565155088,6,3,0,3,8384,7167,7491,450,558,479,16845,14111,13634,"[470][M]-","","198",7491
"2043",577.134485220915,577.132680863815,577.135308147725,3348.94677015477,3343.79626360149,3360.10076049304,5,2,2,1,78875,70284,69015,107690,92488,104414,36039,30304,29929,"[493][M]-","","49",70284
"1753",319.049888052674,319.047753075574,319.052023029774,3382.68724959889,3374.86988833913,3390.50461085866,2,1,1,0,637,635,612,527,494,418,2168,383,363,"","","746",527
"5792",397.022275308379,397.021472063746,397.023809911037,3390.38577571226,3389.47470276301,3398.96338273959,3,0,0,3,4059,3738,3526,3366,3193,3084,2385,4900,4991,"[1245][M]-","","745",3526
"5741",487.144322149068,487.143969795618,487.146443831354,3392.960360629,3391.48896291526,3394.38213557538,3,0,0,3,12739,10530,11159,2193,1903,2003,20301,20794,18471,"[1236][M]-","","171",11159
"1624",423.187064970802,423.185581445607,423.188646169386,3412.85432516144,3397.16630272177,3424.90218650148,8,3,2,3,1185,1505,1221,1137,1134,1118,1088,1668,994,"","","753",1137
"1726",203.092177182177,203.091704672054,203.092810047612,3419.68753579665,3412.02370587907,3432.91011504756,9,3,3,3,16417,15317,15086,12643,11607,11998,19548,19039,17422,"[398][M]-","","172",15317
"1993",578.137012156312,578.136145609051,578.138679473741,3448.82171699654,3446.92243428228,3448.88907583207,3,1,2,0,4014,2939,3114,4705,4833,5824,1911,1679,1579,"[471][M]-","","202",3114
"10145",487.077839325709,487.075523572407,487.080155079011,3451.80644897365,3450.82550712744,3452.78739081987,2,0,2,0,9442,8625,8843,1665,1415,1469,16490,15539,14572,"","","836",8843
"1660",331.081718241114,331.081270341659,331.082681278754,3456.94456511571,3454.14557511985,3464.9418029567,9,3,3,3,3362,3152,2959,2063,1934,1608,5591,3329,3459,"","","205",3152
"10161",713.118690338341,713.118218953894,713.118871897932,3462.85548544949,3456.94456511571,3462.86333542256,3,0,3,0,1869,1749,1878,2965,2858,3486,474,520,500,"","","319",1869
"1779",431.191445123265,431.19025319106,431.192962516056,3495.20908715907,3489.06501644211,3506.99599186806,9,3,3,3,26846,23810,24450,21658,20710,20243,28414,28847,26197,"[415][M]-","","144",24450
"5742",487.143156263419,487.139213680069,487.145947295961,3525.35282781696,3522.39282454224,3527.01563591932,5,0,3,2,12533,10962,11588,1273,1336,1250,22056,22239,20109,"[1237][M]-","","163",11588
"11544",229.098439425817,229.098284342848,229.098594508785,3549.30469391869,3547.53025579251,3551.07913204487,2,0,2,0,14487,13834,13608,16307,15857,16119,12054,12371,11977,"[1642][M]-","","204",13834
"1775",204.066156375546,204.065820705211,204.066574935751,3570.2212382564,3567.09876558428,3573.1334644007,9,3,3,3,44187,41877,42124,66535,65892,62122,16509,16139,15273,"[414][M]-","","79",42124
"10159",633.196412122879,633.196186207117,633.196638038641,3587.51588008792,3585.17031916448,3589.86144101136,2,0,2,0,1253,1252,902,1997,1961,1997,0,0,0,"","","382",1252
"1759",275.103612433365,275.102633574314,275.104379013141,3605.21884800089,3602.47796013009,3613.19884063724,9,3,3,3,26586,24582,23683,42544,39831,40595,7953,8527,7448,"[408][M]-","","113",24582
"10163",662.302348978288,662.302348978288,662.302348978288,3624.11025344883,3624.11025344883,3624.11025344883,1,0,1,0,347,370,368,758,721,1123,110,144,0,"","","649",368
"1699",487.144822256859,487.142576050584,487.146018266068,3626.5182181403,3621.04831934261,3629.27431009696,9,3,3,3,22047,18390,19025,2583,2526,2472,37186,36473,34329,"[386][M]-","","129",19025
"1780",431.191520747851,431.189215278068,431.192947373831,3643.19217049947,3634.18068173232,3653.2997888144,9,3,3,3,59304,53844,55221,43928,41603,41564,64927,65507,60162,"[416][M]-","","82",55221
"5797",397.02646991459,397.024373734393,397.02854487321,3675.40016676694,3674.25317577288,3695.31212102793,3,0,0,3,34484,32237,32539,32028,29153,30554,19079,34134,29782,"[1250][M]-","","135",32028
"1707",397.049296705655,397.044527799471,397.054718415516,3689.00744358315,3680.08959742354,3694.58060089333,6,3,3,0,34484,32237,32539,51568,46267,46327,16201,28025,25956,"[392][M]-","","99",32539
"11545",275.103216684654,275.102653611398,275.10377975791,3711.8212310401,3711.44772938897,3712.19473269123,2,0,2,0,6320,2355,3292,6315,5975,5211,922,939,862,"","","288",3292
"1797",469.114140345757,469.112184505862,469.115111117664,3716.64675678702,3712.19473269123,3718.73158094968,7,3,3,1,5253,4713,4803,7027,6927,6844,2395,2286,2246,"[422][M]-","","250",4803
"11555",399.030211634643,399.030211634643,399.030211634643,3722.22709648882,3722.22709648882,3722.22709648882,1,0,1,0,2370,2153,2185,1838,2191,2634,1657,2935,2719,"","","927",2191
"1782",431.189946258919,431.188270103962,431.191878774451,3730.25287082062,3724.65763372376,3743.57587414491,9,3,3,3,9591,8494,8489,6460,6399,6481,9194,9273,8854,"","","926",8494
"1855",449.10819592924,449.106314424791,449.109135122156,3749.52402577462,3746.30439634705,3751.40064446669,9,3,3,3,44620,39895,40866,30373,28742,29858,52468,51667,47651,"[440][M]-","","546",40866
"1875",594.139419691496,594.13637264686,594.141624110811,3771.04912336056,3760.34880727049,3779.72735451007,5,2,3,0,4650,3977,3804,7343,6814,8281,856,810,674,"[443][M]-","","73",3977
"1895",323.124504243639,323.123349841736,323.12524989114,3785.74145187074,3777.0852337188,3790.36144682718,9,3,3,3,39935,37192,37546,34659,32325,33142,40517,40258,36748,"[447][M]-","","123",37192
"8631",289.071732036791,289.071732036791,289.071732036791,3793.75913067064,3793.75913067064,3793.75913067064,1,1,0,0,834,866,873,1101,1089,1157,497,472,429,"","","644",866
"1874",685.122985987241,685.119272592783,685.124959345795,3822.39352158664,3816.29065064401,3837.44494492563,9,3,3,3,30873,27470,28624,20473,20351,23069,51624,56124,52022,"[442][M]-","","65",28624
"1807",422.192878296559,422.190603242776,422.194068718455,3828.23949847372,3820.55469953243,3843.93362675755,6,3,3,0,4124,3542,3970,6902,6939,6752,861,758,666,"[425][M]-","","276",3970
"1849",463.181848675506,463.179562133574,463.183228927365,3849.53715334523,3843.48087775679,3857.98785316094,9,3,3,3,17171,15196,15504,13493,12627,13665,18723,18777,17005,"[437][M]-","","55",15504
"5746",449.108105945097,449.107217647381,449.109859027894,3873.09695319318,3866.84695156439,3880.44516528755,4,1,0,3,6600,6124,5923,3390,4437,4225,8251,8482,7598,"[1238][M]-","","260",6124
"1951",261.134494138496,261.133330421394,261.135003036477,3879.95802606085,3873.66180801712,3890.45086169522,9,3,3,3,6864,6289,6513,7882,8160,8090,4965,4282,4089,"","","38",6513
"5796",397.023104388309,397.022215041231,397.023706302317,3888.65974680315,3883.57794541379,3899.84379963174,6,1,2,3,109934,92965,101696,90370,91334,75831,79515,133244,131038,"[1249][M]-","","485",92965
"1900",429.212388794039,429.210495424492,429.213302995793,3900.88187932254,3894.87519039134,3916.23168682379,9,3,3,3,36345,31373,32409,28682,27305,29467,40600,39652,34485,"[448][M]-","","122",32409
"1829",704.198147453164,704.194159955197,704.199639251296,3922.47968802895,3910.9246243795,3930.46044544578,8,3,3,2,1561,1395,1459,1818,1567,2089,1124,1228,1110,"","","378",1459
"10211",243.171508294474,243.170723425766,243.171724389132,3935.93330357809,3933.01864231707,3942.10073117745,3,0,3,0,3036,2898,2964,4470,4954,4680,1150,0,0,"","","148",2964
"1901",481.134121964114,481.132273933521,481.134822825542,3952.13053723394,3933.01864231707,3976.4524584628,9,3,3,3,6609,5911,5920,2842,2791,2713,9295,7781,7148,"","","255",5920
"5731",441.051887605485,441.050899387121,441.05641697123,3953.05995304956,3945.02842295979,3965.15367041428,4,0,1,3,434,356,341,266,451,556,254,606,506,"","","935",434
"5790",397.02267528436,397.021656905966,397.023961877866,3996.90759392534,3981.22060585976,4005.76863415875,7,1,3,3,154280,138633,144047,118239,119154,115682,113768,173711,160929,"[1244][M]-","","29",138633
"2006",289.071994675655,289.071031466404,289.072997526742,4030.88834492894,4017.36272595349,4066.43001241994,9,3,3,3,440398,415578,416883,519819,503947,522872,213829,186521,175564,"[480][M]-","","6",416883
"5770",579.149996833729,579.149509329437,579.151353787635,4065.92687623616,4065.64366093302,4066.43001241994,3,0,0,3,140012,125858,126730,156397,160805,176663,43286,33825,30733,"[1240][M]-","","27",126730
"5793",397.022750256799,397.021590272122,397.024059341355,4100.04807964373,4094.43164244014,4109.27030347767,7,1,3,3,106413,96991,97126,82671,84633,85350,87374,123397,116044,"[1246][M]-","","44",96991
"1902",376.152501228985,376.151171054122,376.153580617066,4124.41789074961,4122.72621709078,4135.41731354695,5,3,2,0,1993,1570,1695,2679,2623,2513,609,560,528,"","","1029",1695
"1966",477.103866067479,477.101064943318,477.105516687094,4141.4540726974,4135.98889177005,4145.47875458682,9,3,3,3,4506,4189,4189,3157,3236,3493,3747,6049,5262,"[465][M]-","","290",4189
"8632",289.071918134048,289.071150302037,289.073172997421,4168.53991795434,4165.77095508582,4170.62244748225,4,2,2,0,104736,111759,109453,155664,154953,174858,31244,23929,24531,"[1461][M]-","","28",109453
"2084",435.219641050847,435.216222844062,435.223421180148,4186.51627661183,4177.63341135943,4197.79467991325,9,3,3,3,19210,16612,17038,15577,14819,15981,19836,20636,17398,"[507][M]-","","175",17038
"1965",410.130849849238,410.129440637014,410.133460581779,4200.3077908333,4197.71138966705,4209.86423959557,9,3,3,3,6395,5407,5820,7429,7492,7067,3186,3140,2933,"","","268",5820
"7568",579.13958933369,579.13958933369,579.13958933369,4240.5856645447,4240.5856645447,4240.5856645447,1,0,0,1,10453,10025,10046,22167,24860,26157,1370,809,826,"","","149",10046
"1938",485.177110725673,485.175832213508,485.177897904419,4271.10176706517,4268.68077787223,4276.24115613009,6,3,1,2,6942,5814,5976,4015,3583,4107,8320,8141,7460,"[461][M]-","","262",5976
"8637",289.071644597179,289.071644597179,289.071644597179,4298.82753132591,4298.82753132591,4298.82753132591,1,1,0,0,39128,33249,33717,62711,59112,75719,9270,7413,7537,"[464][M+2]-","","72",33717
"2013",685.123114622766,685.120543540865,685.126801482179,4327.65250715985,4315.00969839947,4334.10888190508,9,3,3,3,15063,13709,14242,16949,16683,17933,9951,9785,9024,"[481][M]-","","105",14242
"2049",397.058158503834,397.055199840038,397.061680599017,4390.93100824936,4379.46353045562,4396.29815092658,9,3,3,3,42235,38414,39042,65279,64671,62817,11581,10928,10135,"[494][M]-","","83",39042
"2142",881.195879510981,881.192110396617,881.196989673132,4411.1998363926,4403.64153284678,4417.01252462513,5,2,0,3,4803,4124,4402,364,653,362,8987,8393,7785,"[520][M]-","","942",4402
"10280",320.162474183909,320.16062441588,320.163826284407,4416.96112130106,4413.44248420023,4418.36585899309,3,0,3,0,6430,5693,5851,8145,8086,8583,683,667,583,"[1566][M]-","","256",5851
"10276",485.224700786177,485.224681891652,485.224719680703,4430.68719617914,4428.39614167644,4432.97825068184,2,0,2,0,2506,2207,2286,3315,3201,3297,1547,1335,1300,"","","344",2286
"2055",528.172292713861,528.169486391274,528.173728721693,4455.00467442037,4447.96769876977,4459.24847531074,9,3,3,3,6551,5850,6185,4795,4533,4663,7714,7553,6996,"[496][M]-","","253",6185
"7607",711.106510999887,711.106510999887,711.106510999887,4463.42770991598,4463.42770991598,4463.42770991598,1,0,0,1,1119,1033,1072,403,375,494,1603,1886,1725,"","","339",1072
"5822",685.099004578529,685.097590805755,685.100418351303,4469.97909630498,4462.07128602376,4477.88690658619,2,0,0,2,1434,1357,1390,1556,1368,1223,1057,1952,2145,"[1252][M]-","","815",1390
"2054",229.098595384617,229.097956050059,229.10027798249,4481.2605291248,4457.33433626758,4501.61753105587,9,3,3,3,6369,6105,6104,6869,6739,7455,3936,4547,4087,"","","199",6105
"8641",685.09698917766,685.09596177751,685.09801657781,4503.61761217161,4501.91624777558,4505.31897656764,2,2,0,0,3290,2512,2925,2550,2133,2260,1987,5483,4523,"","","887",2550
"10285",397.05900233226,397.056621964183,397.060692002427,4505.21002086696,4505.05904845402,4520.67137024253,3,0,3,0,6618,5783,6210,12692,12255,11840,627,0,0,"[1567][M]-","","228",6210
"11565",564.237002425141,564.237002425141,564.237002425141,4531.1411079629,4531.1411079629,4531.1411079629,1,0,1,0,1832,929,1060,1125,979,668,846,720,958,"","","1049",958
"2034",289.038421131703,289.036469936014,289.042273557176,4531.82796034687,4526.15599950163,4542.73591468207,9,3,3,3,5228,4843,4684,4349,4359,4439,5187,5209,4669,"","","299",4684
"2565",509.223692440344,509.221454681826,509.226145663526,4570.40331605489,4562.79844764022,4581.98317981339,9,3,3,3,36195,30974,32093,36405,35549,36111,28674,28276,26746,"[642][M]-","","132",32093
"5853",435.223104962791,435.222900915025,435.225019299878,4586.12418060454,4580.9221453469,4588.50567519141,3,0,0,3,2214,1962,1925,1253,1226,1284,2720,2772,2390,"","","354",1962
"2118",1003.27264716546,1003.26616873646,1003.27385813732,4599.15243218061,4588.97609266477,4604.12620535952,7,3,1,3,4791,3803,3994,1641,1651,1880,6922,6692,5935,"[512][M]-","","277",3994
"2124",613.156623985032,613.153190640697,613.15884536473,4620.37044109528,4613.13265321157,4624.26092720008,9,3,3,3,18609,16330,16996,16438,15824,16547,17921,18008,17249,"[514][M]-","","186",16996
"2089",561.254996255936,561.252940022137,561.257447005727,4639.43288557413,4633.25848808743,4652.45716092542,9,3,3,3,3432,2796,3230,3113,3164,3267,2895,2834,2727,"","","313",3113
"2156",399.12958001718,399.127633630279,399.13083831648,4657.20431693483,4651.36696229923,4662.52888846671,9,3,3,3,28864,25640,25993,6624,6706,6618,46445,45679,43271,"[522][M]-","","109",25993
"2131",594.139975744434,594.137285177834,594.142398442163,4668.95844319415,4658.76133341426,4672.80621406869,9,3,3,3,9637,8639,8728,9508,9166,10939,7868,7267,6930,"[516][M]-","","617",8728
"2355",644.141452853399,644.138157277151,644.143542801657,4687.56854846007,4674.70582738585,4691.08305406922,9,3,3,3,15311,13619,13949,17757,17724,19158,9561,10243,9124,"[574][M]-","","182",13949
"2169",181.050934674534,181.050063760363,181.051582386685,4707.10836212523,4703.15309915206,4711.17329964503,9,3,3,3,17985,16505,16919,18828,18086,17831,12548,16280,15150,"[524][M]-","","184",16919
"11133",389.124337240595,389.123863704889,389.124810776301,4712.14224211675,4707.24595006105,4717.03853417245,2,1,1,0,1072,891,853,628,854,817,954,712,763,"","","782",853
"2403",463.08854788164,463.085869273352,463.08957929171,4751.84118462784,4741.82500741365,4754.81005378884,9,3,3,3,38354,33068,34896,20774,21272,28647,46776,43092,42088,"[597][M]-","","108",34896
"2566",509.223674995677,509.220672766954,509.224157694984,4793.66597198144,4785.98776784307,4801.64780743827,7,3,1,3,6596,5778,5920,1668,1654,1553,9959,9871,9359,"[643][M]-","","247",5920
"10331",340.188033908336,340.18714459978,340.189054963231,4818.734732299,4815.36843739191,4820.38259480878,4,1,3,0,4925,4511,4663,7979,7310,7446,1722,1914,1603,"","","245",4663
"2538",477.103204964007,477.101074036578,477.104719689976,4858.00628337582,4852.13596513913,4861.42750025314,9,3,3,3,11250,9936,10085,8296,7938,8854,8349,13485,11680,"[634][M]-","","220",9936
"3973",1053.219211651,1053.21351153319,1053.22346694133,4860.00936819765,4844.12335164429,4864.24239107268,9,3,3,3,4154,3450,3723,2414,2275,2300,5052,4804,4394,"[1042][M]-","","158",3723
"2195",487.145031411666,487.14334808362,487.146712033814,4905.39404798225,4898.16301146707,4918.40532252303,6,3,0,3,13988,12339,12989,2252,2168,2196,22397,22925,20512,"[532][M]-","","160",12989
"2182",314.208126908213,314.207421585806,314.208222425904,4948.14917777027,4939.58450788292,4961.30677403395,3,3,0,0,7608,6361,6567,10583,10450,10267,2004,1947,1613,"[527][M]-","","241",6567
"5871",300.193450653001,300.192676335211,300.193832163489,4956.66415070551,4949.40751719895,4975.42044218924,5,0,2,3,5628,3377,4050,1299,1641,1743,1842,1655,1403,"","","918",1743
"2150",419.029707797992,419.028125384808,419.030429704597,4984.97420687228,4970.06013126378,4989.65378347324,4,2,0,2,1276,1031,1032,973,869,997,1147,1024,1030,"","","391",1030
"2198",387.072680628711,387.070847762668,387.074244452041,4995.84967407461,4989.99611341623,4997.75414361901,5,2,1,2,2412,2189,2254,1186,1103,899,4639,2579,2867,"[533][M]-","","275",2254
"11574",781.199308470463,781.199308470463,781.199308470463,5007.0899170971,5007.0899170971,5007.0899170971,1,0,1,0,2255,1928,2158,5205,5412,5229,928,926,702,"","","994",2158
"2174",405.081690157032,405.080453214456,405.083341627044,5036.26085892884,5026.9547811057,5040.13600208581,5,2,3,0,1638,1381,1446,1959,1924,1896,1007,884,827,"","","361",1446
"2440",465.103631247082,465.102275904555,465.105224546028,5062.36625341267,5054.75755537457,5066.16273535043,9,3,3,3,32586,29986,29672,45061,44049,45269,12592,11753,11016,"[603][M]-","","111",29986
"2183",384.175165814247,384.173205603577,384.176085363432,5080.80645879087,5076.17533337049,5095.08275019919,5,2,3,0,1183,1045,965,1553,1453,1458,417,472,370,"","","266",1045
"3468",1083.22547663463,1083.2220709505,1083.22878716096,5096.46495548126,5083.50349447785,5103.4727541229,9,3,3,3,13915,11081,11954,7085,7182,7932,17113,15296,13617,"[889][M]-","","195",11954
"2189",344.184702296863,344.184702296863,344.184702296863,5113.33482254952,5113.33482254952,5113.33482254952,1,1,0,0,1173,1053,913,1002,1181,1084,415,417,367,"","","196",1002
"2240",340.187745480254,340.186105242883,340.188973597079,5115.34630291288,5112.22343466341,5131.5843253582,9,3,3,3,12273,10304,10333,17037,16098,16671,4403,3957,3739,"[541][M]-","","807",10333
"12077",512.150645649606,512.150645649606,512.150645649606,5127.48260907747,5127.48260907747,5127.48260907747,1,0,1,0,1361,1276,1384,355,465,469,2893,2546,2196,"","","755",1361
"2219",347.116998653407,347.115170168526,347.11854736644,5130.53305743787,5117.3372621054,5142.2704042298,9,3,3,3,20692,18326,17605,17647,17308,17796,18054,18280,16583,"[537][M]-","","173",17796
"2236",277.155848143856,277.154521446395,277.155946822251,5146.57780539615,5138.60568901314,5157.94020631011,3,3,0,0,5481,5129,5089,7139,7171,7936,1527,1590,1501,"","","45",5129
"5938",427.034527240886,427.034527240886,427.034527240886,5159.16349096945,5159.16349096945,5159.16349096945,1,0,0,1,108347,102893,97865,120795,116275,120629,45168,101043,89951,"[1255][M]-","","499",102893
"2499",685.123776263915,685.120976656388,685.126901599608,5178.21177190369,5173.1091649282,5182.34756095899,9,3,3,3,24575,20832,21222,25722,25694,27633,15954,15221,14347,"[620][M]-","","146",21222
"2354",427.033862322214,427.03216916207,427.035929937331,5218.80880956661,5216.40350730018,5223.79247682008,9,3,3,3,143640,134057,128688,149618,150517,162078,63223,129270,113299,"[573][M]-","","33",134057
"2281",511.145073841574,511.142994776438,511.147656860325,5268.72648412433,5266.64604006537,5271.31313560548,9,3,3,3,53178,46005,47018,15413,15646,14745,83244,71419,66850,"[553][M]-","","66",47018
"2309",521.202527575273,521.199827016918,521.205123482157,5287.08560747504,5284.6347288274,5289.19788520976,9,3,3,3,33108,28714,28932,27766,26762,26562,30611,31310,28183,"[558][M]-","","137",28714
"2360",303.051225418599,303.050062806013,303.052339648109,5318.78724546489,5317.24810456197,5330.81831919574,6,3,3,0,18435,18822,16551,33406,32891,29168,7413,7063,5275,"[579][M]-","","136",18435
"2278",495.111826451513,495.104923702066,495.115481646158,5343.40185953687,5340.4167614262,5346.8195567339,9,3,3,3,9919,5546,6734,3024,3183,5410,9184,12249,8663,"[551][M]-","","233",6734
"2511",695.147497961902,695.143077597751,695.150137352614,5355.47728827295,5354.6198921639,5358.7333568745,9,3,3,3,14716,12149,12932,7590,7202,7635,18777,16565,16017,"[625][M]-","","185",12932
"2351",597.161578182985,597.158158795549,597.163445335044,5369.56192394732,5368.81715328561,5372.62948572023,9,3,3,3,55240,48989,49787,33527,31195,32524,66596,67696,61977,"[572][M]-","","78",49787
"2364",594.14077884052,594.13588317052,594.142233127776,5387.63064456963,5385.06130497569,5388.5285092986,6,3,3,0,4393,3958,3847,7654,6957,8260,674,665,628,"[582][M]-","","263",3958
"2349",511.240474093804,511.23770749896,511.242149903221,5399.19398425161,5395.10750321962,5400.40827979585,8,2,3,3,8122,7503,7673,2195,1965,2231,13517,13252,12549,"[571][M]-","","218",7673
"2441",465.104104171773,465.101574884845,465.106015987853,5417.60729567267,5415.16070653377,5419.21981957011,9,3,3,3,124753,112271,111960,128842,119134,133837,102389,103358,95024,"[604][M]-","","37",112271
"11152",707.147490291514,707.147490291514,707.147490291514,5434.54243756056,5434.54243756056,5434.54243756056,1,1,0,0,4123,1412,2695,575,617,671,6195,4308,5775,"","","291",2695
"2395",435.092809414605,435.090931158908,435.095210524574,5453.44674577068,5452.11275155415,5454.57813206708,9,3,3,3,26317,24352,23158,41428,38207,41966,9885,9924,9524,"[592][M]-","","117",24352
"9301",779.220384224308,779.220384224308,779.220384224308,5465.34549362904,5465.34549362904,5465.34549362904,1,0,0,1,6058,5338,4339,2356,5181,2169,3396,3570,3447,"[1499][M]-","","261",3570
"2399",577.135705894918,577.132995051628,577.137713439468,5480.66071955226,5478.52102122851,5483.7855033957,9,3,3,3,49222,44342,44417,32788,37103,28244,56081,54802,50846,"[595][M]-","","94",44417
"2381",390.203271742919,390.200931445577,390.204956638677,5498.72425862949,5493.53209246781,5504.79511052121,9,3,3,3,4693,4444,4291,8073,8418,9417,1151,1174,1127,"[590][M]-","","252",4444
"2761",507.114855575245,507.1118553481,507.116940948101,5511.79035428072,5511.00250450797,5513.61468908441,9,3,3,3,35044,31806,31571,42107,40013,52340,11390,28913,23856,"[698][M]-","","96",31806
"6063",511.241104524458,511.237232070185,511.242997239485,5526.2375633374,5523.63608685873,5527.55111478418,6,0,3,3,9949,8836,8899,5098,5205,5708,12674,12870,11435,"[1273][M]-","","224",8899
"2375",369.115216236144,369.113834119061,369.117661295367,5541.47790691926,5539.69618963765,5542.50233387735,9,3,3,3,6603,7533,6242,2516,2722,2417,10225,10674,9903,"[587][M]-","","240",6603
"2539",477.10364388521,477.101019695703,477.105151424555,5559.63243124962,5555.60267694162,5563.35073030331,9,3,3,3,92954,83608,84595,67158,69621,79846,109356,93363,89692,"[635][M]-","","48",84595
"2425",597.160870644114,597.158307452726,597.16387831648,5573.66145914395,5571.81497733994,5575.27820048726,9,3,3,3,20324,18283,18816,11660,11787,11656,25137,25945,24193,"","","150",18816
"2409",541.296869331191,541.293450872479,541.30018559997,5583.341640328,5581.87461039309,5585.21742543974,6,3,3,0,2261,1936,1985,3892,3772,4085,699,640,575,"","","328",1985
"2612",303.053926474461,303.052255255095,303.054951869149,5595.92788738909,5595.03666411825,5597.94410388079,6,3,3,0,12610,11514,11309,23168,23345,18681,4781,4062,3950,"[662][M]-","","157",11514
"2609",565.155698170441,565.15282942185,565.157969356844,5611.09383726372,5608.33693686731,5613.05378750308,9,3,3,3,22187,19642,20422,13385,13275,13589,25868,25325,23489,"[661][M]-","","152",20422
"3809",781.1969209007,781.188238592167,781.201479551534,5626.06203988355,5624.56696756703,5627.15926399212,5,3,1,1,6851,6050,6217,10215,9928,10517,3505,3738,3378,"","","242",6217
"2762",507.114315219017,507.112158349486,507.115867150851,5639.76716363217,5638.52855340038,5640.92000326117,9,3,3,3,82756,74851,75525,95603,94330,110076,37045,69173,60150,"[699][M]-","","47",75525
"2570",509.22356306288,509.22142958248,509.225559097971,5657.28181285616,5654.16036002008,5659.83663495122,9,3,3,3,50228,43474,45901,59098,58836,57540,38227,37573,34297,"[647][M]-","","88",45901
"3469",1083.22995283047,1083.22603679639,1083.23101314904,5671.8665089362,5669.11881264865,5672.81177640181,9,3,3,3,8718,7681,7777,5501,5486,5867,10393,9673,8730,"[890][M]-","","221",7777
"2673",461.109036024929,461.106799204094,461.110445551913,5687.5162045726,5685.31946632406,5690.72890662231,9,3,3,3,68180,64533,64083,49337,49271,52938,83067,71565,70074,"[678][M]-","","67",64533
"2736",243.124659518475,243.123145175818,243.125128368128,5706.30813054248,5705.42655759122,5707.61540451889,9,3,3,3,42142,40260,38925,41844,40696,40825,39264,40060,37565,"[692][M]-","","115",40260
"2643",389.12309729819,389.114484483359,389.124979507451,5722.75740460333,5721.80317855356,5724.54579964356,8,3,2,3,12448,11175,11773,1116,1029,1085,20187,18575,18045,"[671][M]-","","178",11773
"10532",342.240002755032,342.239732869939,342.241232555945,5732.50656531233,5732.39589259556,5733.72262444739,3,0,3,0,4766,4463,4573,9421,9444,10436,1124,1166,1067,"","","243",4573
"2619",493.064299109288,493.06098664089,493.065276396921,5740.73712507207,5738.87233789585,5742.46016983217,9,3,3,3,53682,49956,49934,24755,29111,42741,67909,66666,65613,"[664][M]-","","77",49956
"2820",479.083390748906,479.081086357065,479.084699538131,5756.48398993695,5754.93218718857,5757.69161381791,6,3,0,3,122894,111395,116582,1130,1129,1057,186110,203240,193649,"[714][M]-","","23",116582
"3037",491.119703667789,491.117389603891,491.1214257205,5775.00128252754,5774.37585771688,5777.11005813923,9,3,3,3,212295,198374,198268,221743,227298,237870,189814,188218,179638,"[775][M]-","","20",198374
"2722",644.142792120339,644.138954679413,644.143866780136,5792.10290936204,5790.52505484336,5793.08864037846,8,3,3,2,5123,4657,4504,5626,5474,5888,3731,3895,3815,"","","298",4657
"2766",397.060561543436,397.058138143251,397.061761518735,5810.71310353812,5809.74022285403,5811.93009046107,9,3,3,3,49906,47037,47966,90761,88515,81954,12771,11544,11197,"[702][M]-","","58",47966
"2826",529.0988519743,529.096701124665,529.100416338355,5824.24149828069,5822.5835157627,5825.17445298357,9,3,3,3,8644,7202,7687,3663,3697,4204,9043,11455,10427,"[716][M]-","","236",7687
"2991",767.185139943907,767.180968328936,767.18638213494,5831.19413871442,5830.26054488711,5832.59972724451,9,3,3,3,20803,18666,19090,22779,22298,28561,16661,16906,15822,"[760][M]-","","142",19090
"10518",1013.35847903174,1013.35556464424,1013.36139341923,5854.46695150336,5854.29840189704,5854.63550110968,2,0,2,0,996,973,980,1151,1000,1217,1285,1223,1212,"","","476",1151
"3055",353.125006453444,353.12295312232,353.125801420813,5856.99109991447,5855.75125500742,5858.35310972828,9,3,3,3,101870,93466,94772,4098,4744,5238,170973,172266,165728,"[785][M]-","","30",94772
"3781",986.261141967903,986.260880789948,986.264645032389,5867.75590636538,5867.18172981807,5868.65831690415,3,1,2,0,5274,4552,4885,1924,1961,2395,7044,7086,6387,"","","274",4885
"2951",243.067194656519,243.065743842332,243.067891538946,5877.7612261371,5876.41768165203,5880.6798853603,9,3,3,3,29235,26113,27468,20285,18293,12749,36515,34756,34310,"[749][M]-","","131",27468
"2906",300.999914816979,300.998160988264,301.001056889224,5885.32002543746,5883.76419362201,5886.97431686223,9,3,3,3,25840,23535,23655,23986,26786,26123,24052,23179,22883,"[737][M]-","","126",23986
"3303",449.109708026186,449.107004802903,449.110801462617,5912.56043715243,5911.38419189326,5913.53733157999,9,3,3,3,250633,222840,234661,242250,251186,253370,236428,228897,225874,"[847][M]-","","19",236428
"6180",781.200946166151,781.198894364521,781.20269312032,5928.32602234908,5926.90019405413,5928.94609796051,8,2,3,3,20828,18431,20008,21823,20639,23571,17740,18206,17520,"[1287][M]-","","155",20008
"2933",595.168193296261,595.163747957517,595.169459580546,5940.45203049519,5939.4330948781,5940.94010341586,9,3,3,3,54852,47646,52182,39781,39178,40611,61264,59563,55711,"[745][M]-","","87",52182
"3059",463.089502581547,463.085812219359,463.090195652668,5954.9187188744,5954.50421772829,5955.84084013599,6,3,0,3,54353,48231,51615,577,663,627,84459,81309,79142,"[786][M]-","","63",51615
"6802",853.213719448438,853.213719448438,853.213719448438,5966.92605304594,5966.92605304594,5966.92605304594,1,0,0,1,1340,1238,1217,638,647,701,1760,1828,1738,"","","369",1238
"6293",625.178335284072,625.175665839108,625.180034379371,5979.47986870617,5978.91398488916,5980.82869072072,5,1,1,3,94060,85162,88655,95242,96070,100370,82370,83476,75853,"[1306][M]-","","54",88655
"3239",477.068629087319,477.065804067791,477.069882051437,5994.65421821353,5992.87728219087,5996.28131311507,9,3,3,3,305210,276617,290044,49643,52376,59130,380698,397539,368821,"[827][M]-","","8",290044
"3812",781.201787694362,781.196578744945,781.2039854598,6022.91762207628,6022.27737750717,6023.90224148383,9,3,3,3,229737,206467,220190,327513,324695,348311,119393,119735,111774,"[992][M]-","","12",220190
"3062",625.178645876812,625.175120583748,625.180569618014,6034.91849403027,6034.2993063951,6035.91727845006,9,3,3,3,155943,138389,145660,144961,144958,148575,149628,149607,139186,"[787][M]-","","34",145660
"3285",493.099973075865,493.096848062227,493.101309824463,6068.9210279065,6068.57057886803,6069.51668200393,6,3,0,3,141996,125032,129618,2279,2682,2730,189061,192831,178311,"[845][M]-","","25",129618
"3205",627.174134612006,627.170856149129,627.1764774816,6084.9754402239,6084.67228412257,6085.51084295631,5,3,0,2,12106,10796,11194,11123,11246,11013,18480,16443,15237,"[819][M]-","","187",11246
"3242",657.18449930134,657.17926613703,657.185384848873,6098.97655505356,6098.75918052163,6099.50135868811,6,3,0,3,29873,26414,27619,3202,3431,3832,48082,41385,39661,"[829][M]-","","103",27619
"3243",263.130021378998,263.128364061081,263.130893406389,6114.891612652,6112.32546399873,6115.48922289203,9,3,3,3,20954,18278,18678,20213,21096,20777,18057,18604,17303,"[830][M]-","","170",18678
"3202",362.169602497146,362.168350687364,362.17126310636,6124.33312562085,6123.14313727799,6124.93445946624,5,2,3,0,1157,1129,1144,2109,2059,2220,270,318,332,"[810][M+1]-","","904",1144
"3226",609.181039649726,609.177170875005,609.1826207984,6125.11119748441,6122.89282109237,6125.48051994697,7,3,1,3,9235,8280,8292,4072,4226,4277,11919,11877,10708,"[821][M]-","","235",8292
"3833",751.189761715897,751.18541615067,751.190414818226,6136.93774864885,6134.98468747611,6137.46813893721,9,3,3,3,13121,11753,12072,16124,15224,17128,9861,9903,9017,"[999][M]-","","194",12072
"3460",433.114514718567,433.112393742055,433.115609165862,6151.20041214133,6149.20449414688,6159.54471787612,9,3,3,3,53267,48001,51167,61689,64473,65268,43659,42978,41064,"","","84",51167
"3422",207.066890038713,207.06536937369,207.067435364327,6166.07165995927,6164.36052729354,6167.2551223736,9,3,3,3,66756,63135,63988,101576,100955,91039,43069,41302,40186,"[874][M]-","","53",63988
"3813",781.201904770168,781.196915442376,781.203004394593,6180.37228033059,6179.25837444178,6181.6357585389,9,3,3,3,120577,109608,115881,197975,193123,212657,54474,52646,50921,"[993][M]-","","22",115881
"3337",435.109051336347,435.106200430064,435.109831626836,6193.68440619725,6191.33326121248,6195.3381888975,9,3,3,3,17055,14937,16540,11982,11883,12434,19622,19204,18935,"[855][M]-","","180",16540
"3608",227.07208427706,227.070933905934,227.073141570946,6204.89656829545,6203.37696452432,6207.37358343549,9,3,3,3,110877,102063,103847,88488,76163,59962,127189,128183,123125,"[935][M]-","","39",103847
"3498",503.120796666936,503.117031915772,503.12154400362,6219.43144428911,6218.899483529,6220.39976916121,9,3,3,3,30081,26564,27987,9036,9457,11704,44019,36028,35392,"[901][M]-","","112",27987
"3393",463.113645500057,463.112263712997,463.11681840261,6232.96350181789,6231.44704204492,6235.60307084323,3,2,1,0,2364,2177,2382,4191,3924,4181,1354,1141,1280,"","","735",2364
"3616",889.156210169974,889.150795398452,889.157499143138,6233.46444237762,6232.40592259302,6234.90504901755,6,3,2,1,16005,13879,14860,12970,12223,14317,6855,21770,17932,"[940][M]-","","167",14317
"3598",533.130982129169,533.127928421764,533.131866805885,6254.91202010064,6253.30914052939,6256.41717909961,9,3,3,3,102082,90688,94686,54953,55192,65637,125257,108253,103103,"[929][M]-","","41",94686
"4064",317.031109380319,317.029586148773,317.032501357731,6279.87170986028,6278.02683832811,6283.59747933754,9,3,3,3,336095,301074,333760,234274,245007,260383,379375,377040,376997,"[1079][M]-","","9",333760
"3609",227.071931915864,227.071144439624,227.073200607315,6300.9962156937,6299.23072435383,6303.66546544185,9,3,3,3,144716,130390,135019,107140,99710,108267,153201,166250,153705,"[936][M]-","","32",135019
"3508",555.22485966563,555.221228856267,555.226773731612,6314.07485312914,6311.69362337531,6322.20604757851,7,3,1,3,1800,1600,1651,1692,1631,1839,1687,1915,1686,"","","892",1687
"6800",823.219302243518,823.217797585911,823.220483603586,6314.49359233116,6313.74955996986,6315.70680009266,5,1,3,1,10655,9996,10031,10313,10201,12595,10316,10334,9408,"[1362][M]-","","229",10313
"3490",435.129760042512,435.128302826519,435.131393829823,6326.26658601637,6325.18192038857,6327.7494055861,9,3,3,3,35177,31802,34446,11388,11959,13778,51060,50217,46704,"[899][M]-","","100",34446
"3568",257.08293865612,257.081798226346,257.083753405637,6346.55234377141,6345.86312555746,6347.82004143483,9,3,3,3,10128,9312,9474,13803,13016,12262,7528,7078,6870,"[918][M]-","","215",9474
"3846",705.149501353515,705.145885930339,705.150903540009,6361.08916366601,6357.85333142995,6364.37164643644,9,3,3,3,22335,20228,21129,7827,8445,10926,26583,28664,27766,"[1004][M]2-","","145",21129
"3852",845.195397956705,845.191379934801,845.196866058869,6374.41089251568,6373.90420272981,6375.11323214736,9,3,3,3,13808,12363,12899,12566,12751,13128,14850,12045,11320,"[1007][M]-","","211",12751
"3613",531.115929860363,531.113357888296,531.116933827769,6386.95402246314,6385.94117346118,6388.46466520488,9,3,3,3,10130,9568,9552,8306,8482,9694,10123,10735,10118,"[938][M]-","","239",9694
"3607",399.076502493711,399.074136473783,399.078377775896,6399.0844922933,6398.53314006732,6400.51250894423,6,3,0,3,3973,2871,3677,351,314,323,10124,3669,4477,"[934][M]-","","246",3669
"3835",623.142187901243,623.138538047455,623.14374115698,6412.63978217925,6412.02697115044,6414.10312441173,9,3,3,3,18935,17210,17503,12092,13634,18870,22401,19248,18410,"[1000][M]-","","162",18410
"4046",637.157139044428,637.153069920485,637.158438077235,6426.61289572313,6424.67665862828,6427.17857610638,7,3,1,3,6687,5823,6189,3589,3715,4476,9433,6922,6453,"[1072][M]-","","251",6189
"3660",919.166187210935,919.161333729303,919.168047892348,6444.56088997622,6442.77733657395,6445.20236671474,8,3,3,2,10751,10069,10072,9710,9441,11424,3869,14278,11565,"[955][M]-","","212",10072
"6726",1127.26833184268,1127.26833184268,1127.26833184268,6458.98998836564,6458.98998836564,6458.98998836564,1,0,0,1,906,859,819,227,226,245,1070,1181,1022,"","","272",859
"6577",695.201341775756,695.198472956664,695.2022135197,6472.86580012139,6472.3041346706,6473.25113241424,5,2,0,3,33501,29366,31164,3086,3061,3098,51832,48823,46972,"[1326][M]-","","98",31164
"3713",271.061557849791,271.060049342364,271.062861971991,6491.28744257283,6490.83000385449,6492.78191590337,9,3,3,3,9220,8297,8888,18987,18845,14749,1783,1846,1962,"[968][M]-","","183",8888
"3949",725.210995362996,725.207124731297,725.212535658937,6506.54912613136,6505.11108154666,6507.00627874286,9,3,3,3,34161,30239,32360,10064,9685,10691,49324,49360,45541,"[1035][M]-","","101",32360
"3754",607.147406443119,607.143581889309,607.148142568916,6528.75253735634,6527.21982046688,6529.3714521355,9,3,3,3,34746,29685,31263,8112,9265,12420,51863,42933,41652,"[973][M]-","","97",31263
"4045",637.157847453019,637.15456162416,637.158497045468,6548.7127747301,6547.31614554049,6550.91053449024,9,3,3,3,79402,69645,71513,46788,49480,62396,96296,81967,77244,"[1071][M]-","","57",71513
"3947",725.210746009232,725.207413637215,725.211424448337,6564.93875069831,6563.39293500236,6566.67790787496,9,3,3,3,45807,40141,42608,14274,13929,14692,66128,64156,59025,"[1033][M]-","","81",42608
"3970",961.204251555319,961.203783410153,961.205172479376,6583.20626850673,6581.06310442386,6583.4912654671,3,1,0,2,3799,3341,3425,1380,1558,2016,5597,5029,4403,"[1040][M]-","","307",3425
"8139",961.211118898638,961.210138658749,961.218068761912,6585.49365706491,6584.64340150291,6586.63793123638,3,1,1,1,3799,3341,3425,1380,1558,2016,5597,5029,4403,"","","307",3425
"4021",765.170257943985,765.167240966621,765.171624851016,6607.08409094859,6604.6027919733,6608.72768002181,7,3,1,3,5900,5863,5906,2609,2433,2579,6541,5940,6360,"[1058][M]-","","284",5900
"5247",301.036221477201,301.034793414364,301.036689156439,6624.83555806419,6622.56647248564,6629.05428130438,9,3,3,3,665358,598359,630793,209686,211262,193251,806493,782692,799250,"[1189][M]-","","1",630793
"3916",493.300986177974,493.300036540398,493.302448053633,6644.71337102046,6643.59752710329,6645.42695521154,6,3,0,3,1270,1173,1251,368,412,467,1862,2045,1874,"","","368",1251
"6672",397.057631348708,397.057631348708,397.057631348708,6667.12541979893,6667.12541979893,6667.12541979893,1,0,0,1,946,917,897,569,567,521,1034,1247,1196,"","","56",917
"4009",331.046724107574,331.045393865477,331.047158982988,6680.99910335518,6679.6724286402,6681.56141358202,9,3,3,3,88680,79315,78054,56261,55975,63129,99860,106775,95917,"[1051][M]-","","51",79315
"9577",1117.26042279151,1117.26042279151,1117.26042279151,6695.61001840166,6695.61001840166,6695.61001840166,1,0,0,1,621,530,615,127,122,141,1016,901,967,"","","409",615
"3914",389.103111134606,389.101742754135,389.10452539187,6704.26352328808,6703.63691676896,6705.1785191409,6,3,0,3,1827,1719,1573,581,568,443,2576,2555,2610,"","","358",1719
"4181",327.218561003481,327.216747891162,327.218903845435,6723.14384770966,6722.14781477154,6723.7769930212,6,3,3,0,25178,22493,23411,42482,41905,46037,6684,6505,6067,"[1112][M]-","","110",23411
"4241",683.102835858504,683.098171121968,683.107271391549,6729.70907568199,6702.06652997229,6730.43566148519,3,1,0,2,571,977,972,773,748,773,915,952,913,"[1132][M]-","","619",913
"3982",271.061906673086,271.060773690311,271.062461840825,6739.82016833025,6738.42954174232,6741.28687668735,9,3,3,3,25586,21886,23617,28922,27521,26989,23009,23917,25181,"[1044][M]-","","143",25181
"11778",345.228505210606,345.228505210606,345.228505210606,6761.33947256647,6761.33947256647,6761.33947256647,1,0,1,0,766,609,725,1017,1031,1131,389,373,399,"","","1101",725
"4111",577.286425168818,577.283651014264,577.289193894825,6761.34651039949,6759.87287333851,6762.42101924798,5,2,0,3,4373,3635,3923,3625,3783,3901,4323,4398,3952,"","","323",3923
"4012",653.153312171002,653.150793798649,653.155295362631,6781.44839773626,6780.36530092959,6782.41461901552,8,3,2,3,9325,8214,8817,3560,3804,5181,12316,12384,11824,"[1053][M]-","","232",8817
"8894",1071.298732264,1071.29691434859,1071.30042857618,6801.79586341147,6801.49381128347,6803.31373392298,4,2,2,0,5532,4599,5236,3326,3200,3611,6497,6331,6108,"[1487][M]-","","285",5236
"9578",345.228822379495,345.228610170899,345.229034588091,6807.6607780079,6807.46538713331,6807.85616888249,2,0,1,1,1592,1369,1276,1593,1506,1721,1282,1423,1323,"","","1017",1423
"4193",329.23410818086,329.232360491855,329.234492294411,6817.71965079568,6815.5523692873,6820.40774924733,9,3,3,3,122222,111349,114382,195857,187065,198130,46810,43253,42146,"[1116][M]-","","24",114382
"4164",331.247102020577,331.245577483844,331.249057024177,6827.62584798505,6825.59415712294,6828.40547748701,9,3,3,3,16043,15191,15669,17165,15915,17891,15200,14511,14366,"[1104][M]-","","193",15669
"4196",329.234128028746,329.232480010929,329.234656436664,6849.89980889532,6848.61253156397,6851.95988401995,6,3,3,0,93018,81383,85469,153047,146526,154139,29036,27547,26761,"[1119][M]-","","35",85469
"4159",369.061579800489,369.059503195528,369.062250797782,6870.4250526654,6869.64227636011,6871.94125975769,8,3,3,2,11235,8925,9640,2943,3286,3454,8955,16118,15077,"[1102][M]-","","206",8955
"6710",1113.30622756293,1113.30622756293,1113.30622756293,6883.88083288541,6883.88083288541,6883.88083288541,1,0,0,1,906,780,785,177,171,236,1374,1353,1348,"","","398",785
"4200",285.041295911455,285.039928117948,285.041963619539,6899.94743841551,6897.97716657544,6902.30440379995,9,3,3,3,129459,106355,114607,16027,15798,10002,192537,184315,188122,"[1121][M]-","","26",114607
"4177",327.218155333836,327.216953942497,327.218921791553,6912.09976086255,6908.34486518361,6913.61033651833,6,3,3,0,6438,5374,5637,12183,11354,12059,1431,1279,1227,"","","234",5637
"4151",227.166169076085,227.164998528037,227.166599154636,6922.28023758947,6921.62918270966,6924.44491451613,9,3,3,3,20264,17809,17572,40964,37855,37324,4047,4308,3643,"[1099][M]-","","121",17809
"9621",683.096951583407,683.096951583407,683.096951583407,6936.04342406769,6936.04342406769,6936.04342406769,1,0,0,1,1335,1214,1292,697,820,860,1271,1313,1222,"[1537][M]-","","308",1222
"4140",297.077886214727,297.076141452915,297.078610400771,6951.86818067332,6949.68387080142,6954.62086781836,9,3,3,3,7554,6378,6580,3980,3560,3163,8312,8216,8312,"[1095][M]-","","107",6580
"5070",315.051624838166,315.049929193139,315.052340805781,6965.07040868344,6963.70584485329,6966.68339625671,9,3,3,3,394469,330562,344740,42304,43487,32889,544581,576047,509556,"[1177][M]-","","4",344740
"4165",345.061986518883,345.060830905696,345.063161119931,6978.32408224912,6977.7250278231,6980.75271720578,9,3,3,3,16706,14160,14602,26922,26957,25036,10280,11425,10144,"[1105][M]-","","147",14602
"4138",327.051856816309,327.049806119393,327.052390336853,6992.31808528758,6991.74251021988,6994.81745078821,9,3,3,3,4353,3967,4013,3604,3735,3829,3003,5368,4889,"","","311",3967
"11790",331.247515839725,331.247515839725,331.247515839725,6993.96870400154,6993.96870400154,6993.96870400154,1,0,1,0,1799,1734,1621,3225,3109,3211,450,519,470,"","","1077",1734
"4499",235.925784139614,235.925784139614,235.925784139614,7011.21161104048,7011.21161104048,7011.21161104048,1,1,0,0,859,715,750,890,941,905,724,689,663,"","","327",750
"4184",375.185226076308,375.183255180481,375.186349506261,7027.25437963727,7026.04084474086,7028.37148217118,9,3,3,3,30889,25909,27086,40503,37626,39836,17269,17423,17128,"[1113][M]-","","124",27086
"8175",286.043893372437,286.043778351298,286.044008393575,7029.45446277964,7028.31138845573,7030.59753710355,2,1,0,1,2309,2002,2860,464,453,291,2607,3097,2991,"","","646",2309
"10823",445.033363766478,445.033363766478,445.033363766478,7038.41797789473,7038.41797789473,7038.41797789473,1,0,1,0,1868,1644,1630,1947,1806,2165,1487,1593,1386,"","","377",1644
"9614",285.127574063202,285.127574063202,285.127574063202,7048.2718175679,7048.2718175679,7048.2718175679,1,0,0,1,1764,1589,1587,1626,1639,1688,1580,1580,1537,"","","991",1589
"4160",357.062387132679,357.059856258096,357.063069475951,7054.47552507092,7053.78885029124,7056.47728171054,9,3,3,3,5654,5445,5168,7091,6675,6833,2316,4433,4057,"[1103][M]-","","273",5445
"11787",311.222327554645,311.221803359625,311.222851749666,7065.64965901687,7064.12123982994,7067.1780782038,2,0,2,0,3146,2770,2923,5213,4818,4939,1148,1145,1140,"","","312",2923
"4194",329.233922624436,329.232002340809,329.234618405491,7086.78660192574,7084.16137559822,7090.61551503479,9,3,3,3,13534,12571,12342,25136,22896,24418,2683,2667,2526,"[1117][M]-","","153",12571
"8188",683.092895509877,683.092895509877,683.092895509877,7090.34602757184,7090.34602757184,7090.34602757184,1,0,0,1,1815,1644,1809,1201,1120,1149,2066,2083,1971,"","","702",1809
"12202",311.222046403532,311.222046403532,311.222046403532,7113.42652770583,7113.42652770583,7113.42652770583,1,0,1,0,1109,1105,1167,1957,1643,1703,587,636,524,"","","385",1109
"10798",445.193696772721,445.193696772721,445.193696772721,7118.69216050246,7118.69216050246,7118.69216050246,1,0,1,0,1149,924,894,1084,1068,1093,1012,946,898,"","","367",1012
"4244",683.091904790235,683.091171749232,683.092637831237,7121.90362563631,7120.37865920928,7123.42859206335,2,1,0,1,2080,1778,2058,1408,1426,1575,2244,2391,2378,"[1134][M]-","","1170",2058
"4245",683.093530004888,683.09234877,683.094711239776,7153.91067151886,7150.35651558984,7157.46482744787,2,1,0,1,2107,1989,2152,1524,1589,1582,2395,2459,2522,"","","1160",2107
"11812",712.048736925143,712.048736925143,712.048736925143,7156.29343460473,7156.29343460473,7156.29343460473,1,0,1,0,1698,1672,1722,1696,1838,1834,1552,1685,1492,"","","363",1696
"4168",311.192348917403,311.188931600465,311.193113542779,7183.31403074369,7180.33212468303,7183.8269219855,6,3,3,0,1308,1104,1154,1616,1490,1659,1018,945,953,"","","1144",1154
"4237",683.092167544281,683.091102598296,683.093232490266,7183.97855148135,7178.47128308336,7189.48581987934,2,1,0,1,2180,2023,2152,1614,1727,1696,2412,2488,2539,"[1129][M]-","","348",2152
"4216",313.238252971615,313.237006022645,313.239649002567,7213.61143290846,7212.9906094323,7216.01762555116,6,3,3,0,2931,2463,2530,4691,4023,4439,914,893,910,"","","951",2530
"4191",216.033177774358,216.032407188072,216.034164722339,7216.04192186093,7215.23187720947,7217.27915996895,6,3,0,3,5323,4340,4256,825,710,527,7679,8876,7939,"[1114][M]-","","258",4340
"10809",357.260885372843,357.260285451524,357.261485294162,7234.5959148448,7233.05207661015,7236.13975307945,2,0,2,0,2046,1885,1925,3613,3328,3483,480,510,468,"","","337",1925
"4243",683.091677118496,683.090934334099,683.092419902893,7268.08668168313,7266.67404673372,7269.49931663253,2,1,0,1,2569,2226,2358,1838,1916,2066,2747,2805,2709,"[1133][M]-","","353",2358
"10819",702.021227881657,702.021227881657,702.021227881657,7271.16656971704,7271.16656971704,7271.16656971704,1,0,1,0,1245,1006,1144,1166,1160,1307,1064,1110,1028,"","","1153",1144
"4199",341.067275137622,341.065597616607,341.068779557136,7301.73401744024,7300.51043550945,7304.56554818438,9,3,3,3,5695,5108,4928,4091,4266,3538,4186,7140,6853,"[1120][M]-","","269",4928
"11798",702.021730759218,702.021166582954,702.022294935482,7323.62160089534,7320.53727348802,7326.70592830266,2,0,2,0,1381,1090,1230,1223,1263,1347,1155,1238,1099,"","","347",1230
"4222",371.077956775497,371.075420589254,371.079818291799,7340.27023971893,7338.56076857203,7342.80961176552,9,3,3,3,5526,4972,4543,7283,7436,7183,1666,3176,2939,"[1126][M]-","","270",4972
"4212",894.376245983468,894.373752022821,894.382925133015,7353.85162068531,7352.57963674931,7354.93571384576,9,3,3,3,3005,2521,2706,1802,2134,3076,3301,3468,3247,"[1123][M]-","","341",3005
"4209",247.033042772764,247.031828468652,247.033987982377,7376.2040750798,7374.60605314054,7379.04420576721,9,3,3,3,32805,28971,28841,83487,53164,31701,2750,2227,1776,"[1122][M]-","","64",28971
"8189",683.093849661516,683.093849661516,683.093849661516,7385.03383380596,7385.03383380596,7385.03383380596,1,0,0,1,2616,2415,2644,2047,2184,2217,2900,3159,2921,"","","526",2616
"11400",301.034960032108,301.034960032108,301.034960032108,7405.46926328035,7405.46926328035,7405.46926328035,1,1,0,0,934,779,845,358,331,351,1029,1096,1168,"","","407",845
"10813",702.021668534172,702.021100185577,702.022236882766,7418.11996135503,7417.58320548175,7418.6567172283,2,0,2,0,1379,1190,1329,1201,1283,1510,1203,1339,1165,"","","386",1283
"11814",712.050195153465,712.050195153465,712.050195153465,7446.68894424852,7446.68894424852,7446.68894424852,1,0,1,0,3521,2963,3043,3189,3323,3547,3053,3307,3083,"","","338",3189
"10820",702.021691763509,702.020700708076,702.022952247412,7471.72916132295,7457.56285730275,7474.72035462594,3,0,3,0,1475,1194,1360,1348,1379,1413,1284,1389,1270,"","","1122",1360
"8187",683.092240526559,683.091910743477,683.092570309641,7488.7330622463,7487.39307699866,7490.07304749393,2,0,0,2,3023,2724,2966,2669,2699,2710,3188,3215,3269,"","","345",2966
"6818",403.217442801246,403.217398485628,403.217487116865,7518.96335224677,7518.76743439568,7519.15927009787,2,0,1,1,4846,4228,4219,6061,5506,5870,3012,3318,3052,"[1364][M]-","","293",4228
"6839",473.988615768325,473.988615768325,473.988615768325,7547.35161928946,7547.35161928946,7547.35161928946,1,0,0,1,2810,2517,2576,2675,2597,3039,2562,2665,2582,"","","349",2597
"5234",248.079906991704,248.0790785401,248.080330238774,7552.80384122327,7547.61357611058,7565.978287747,5,2,2,1,6135,3549,3632,3388,3044,5190,4842,5167,4111,"","","278",4111
"4219",281.062918985353,281.062518901351,281.064489189383,7577.27569574882,7576.00461309077,7579.73083622709,5,1,3,1,1844,1602,1628,1755,1570,2020,1670,1670,1625,"","","381",1670
"4220",221.154765899915,221.154048044249,221.155605788149,7599.23248100333,7596.84948159456,7600.91660400524,9,3,3,3,16019,18152,16218,16493,15446,15966,16986,15370,16886,"[1125][M]-","","190",16218
"5243",248.07928204115,248.07928204115,248.07928204115,7617.24585117061,7617.24585117061,7617.24585117061,1,1,0,0,4778,2638,2996,2502,2477,4111,4068,4265,3499,"","","321",3499
"4254",368.976804803068,368.975333968804,368.978764038535,7694.13525996788,7692.95210093619,7697.30970100309,9,3,3,3,4996,4143,4023,4101,4368,4792,4782,4751,4439,"","","315",4439
"5087",297.152811372646,297.152068878759,297.153382598894,7716.0633512829,7714.975275723,7719.39579591942,6,2,2,2,3455,2990,3135,3232,3085,3502,3403,3358,3453,"","","1099",3358
"4234",712.048112581126,712.046554666601,712.052164306894,7744.65907327977,7740.43113006434,7763.56487396313,9,3,3,3,4699,4168,4331,4317,4531,4764,4075,4477,4206,"[1128][M]-","","322",4331
"5233",321.174414849422,321.173803774221,321.17649809388,7768.5053365686,7767.21082143914,7771.62866980538,9,3,3,3,31093,26262,27393,27247,26563,31225,28847,29519,28927,"[1185][M]-","","139",28847
"4246",199.169996989217,199.169660178445,199.171256702887,7784.5469580585,7783.21499951886,7787.72972123955,9,3,3,3,4884,4309,4333,4816,4330,5509,4750,4458,4502,"","","161",4502
"5230",311.1688890346,311.168081358753,311.170807897523,7784.5469580585,7781.69737989445,7787.72972123955,9,3,3,3,22856,19222,20220,19942,19747,22242,21933,21628,20860,"[1183][M]-","","724",20860
"12210",715.403489881721,715.403489881721,715.403489881721,7811.87693504894,7811.87693504894,7811.87693504894,1,0,1,0,1200,1050,1094,1189,1099,1168,1010,1035,1092,"","","404",1094
"11821",327.240396598035,327.240396598035,327.240396598035,7813.08789202364,7813.08789202364,7813.08789202364,1,0,1,0,631,581,548,578,590,598,606,540,541,"","","1231",581
"12215",975.530353664391,975.530353664391,975.530353664391,7821.93799475199,7821.93799475199,7821.93799475199,1,0,1,0,602,602,625,636,668,686,596,578,547,"","","417",602
"5231",311.168752659877,311.168339739011,311.171037167761,7831.24933629918,7829.66835225505,7834.01270252232,9,3,3,3,16696,13829,14104,14364,14003,16017,15384,15207,14850,"[1184][M]-","","827",14850
"6877",601.356606686137,601.356606686137,601.356606686137,7835.20070683886,7835.20070683886,7835.20070683886,1,0,0,1,1462,1421,1364,1493,1497,1617,1449,1326,1405,"","","200",1449
"10836",683.384695329728,683.380675717854,683.388714941603,7842.92053675475,7833.1116557175,7852.729417792,2,0,2,0,1063,1085,1027,1053,1005,1220,1111,1030,1024,"","","402",1053
"5190",325.18439991529,325.183453397847,325.186571649886,7855.13866325235,7853.27174637429,7858.15513613026,9,3,3,3,46984,30828,36027,31958,32282,43252,39047,42313,35859,"[1179][M]-","","106",36027
"4396",729.419509976699,729.419509976699,729.419509976699,7875.29840590036,7875.29840590036,7875.29840590036,1,1,0,0,1827,1576,1620,1821,1877,1817,1687,1570,1503,"","","271",1687
"10889",701.421873067718,701.420625281035,701.4231208544,7881.53576528341,7872.23753426521,7890.8339963016,2,0,2,0,1944,1827,1905,1943,1773,2099,1672,1795,1774,"","","138",1827
"5228",339.199701411281,339.198659733942,339.201812502678,7900.86180990271,7899.33213604652,7904.42310407349,9,3,3,3,41923,34163,36300,35429,35658,41545,37828,39751,38773,"[1182][M]-","","118",37828
"4669",701.437457971446,701.426829067092,701.442216089596,7930.56475678099,7917.2211033103,7954.98565034094,7,2,3,2,2200,2162,2192,2183,2193,2392,2044,2125,2003,"","","366",2183
"4733",799.495171706852,799.489351521942,799.498882337887,7942.3211051852,7936.79033408212,7959.69795468633,4,1,1,2,2323,2124,2145,2241,2205,2400,2065,2086,2098,"[1147][M+2]-","","365",2145
"5074",417.210419734578,417.209514099255,417.213030185068,7960.33923684489,7958.84246464338,7961.87821617315,4,1,1,2,3333,3011,2958,2949,2995,3314,3063,3231,3079,"","","343",3063
"4825",409.329778995241,409.327965703401,409.332622892393,7973.02626106524,7971.70776543101,7975.95154647153,5,1,1,3,2599,2374,2242,2523,2430,2625,2322,2670,2446,"","","356",2446
"4732",799.519709665358,799.517705027414,799.527774795025,7986.90454902397,7979.973561175,8013.45875926143,7,3,2,2,2530,2273,2268,2421,2463,2473,2334,2403,2196,"","","362",2403
"7118",783.530465612367,783.523230731489,783.53095974538,8002.08788243804,7996.92585495766,8008.56052061847,3,1,0,2,2449,2172,2234,2366,2344,2519,2240,2319,2145,"[1374][M]-","","364",2319
"12305",813.547550888955,813.547550888955,813.547550888955,8019.02855125617,8019.02855125617,8019.02855125617,1,0,1,0,2119,2166,2079,2253,2273,2201,2048,2148,2062,"","","371",2148
"7318",283.265395567025,283.263308653353,283.265817677612,8033.3542415526,8031.73297418072,8034.25338917568,3,0,1,2,5982,2675,2445,2844,2543,2941,2742,3277,2821,"","","295",2821
"7260",769.55230682256,769.550633902832,769.55646168228,8050.72565083684,8038.27524319738,8063.2580718001,5,1,3,1,2169,1908,1953,2183,2242,1873,2035,2127,1937,"","","373",2035
"5017",853.614100987776,853.610725879146,853.617476096406,8062.30178137788,8057.05754791145,8067.5460148443,2,1,0,1,1884,1865,1833,1844,1899,1932,1865,1789,1767,"","","380",1865
"7301",339.200486938069,339.198586709653,339.201188116969,8093.3314878389,8088.53554331807,8103.76935801619,3,0,1,2,5386,4762,4881,4919,5350,5471,4744,6773,4996,"[1380][M]-","","279",4996
"7302",325.182031516353,325.181430807531,325.184340281688,8185.0372688248,8177.23933652132,8185.81697992795,3,1,0,2,2771,2328,2453,2244,2392,2861,2464,2711,4267,"[1381][M]-","","325",2464
"5258",174.956044480982,174.955731057322,174.957739441466,8243.75974307641,8241.85441870036,8248.22459965147,9,3,3,3,7582,7526,7369,7766,7804,7681,7766,7723,7640,"","","264",7681
"5274",235.92634274356,235.92514014441,235.928590772802,8283.55474353893,8261.59250803161,8313.61893053113,9,3,3,3,2053,1802,2046,2087,2085,2189,1973,1948,2095,"","","375",2053
"5270",206.972240294641,206.971556699634,206.974064172602,8297.74678922755,8295.60538015819,8300.48378696015,9,3,3,3,3516,3776,3106,3568,3637,3522,3207,3352,3431,"","","332",3516
"5246",316.94549546434,316.94549546434,316.94549546434,8337.87943643492,8337.87943643492,8337.87943643492,1,1,0,0,301,305,260,326,281,314,345,315,300,"","","420",305
"5273",235.92647359172,235.925967871668,235.928083001715,8384.1178865332,8377.95288022213,8390.92723398584,9,3,3,3,3649,3488,3425,3317,3567,3695,3460,3304,3534,"","","336",3488
"5253",145.931170032813,145.930653207726,145.931968294394,8480.59519198084,8464.46567414321,8500.12552031762,7,2,2,3,1453,1334,1452,1497,1581,1499,1377,1481,1401,"","","392",1453
"7313",235.927179298809,235.925627599709,235.92753923528,8508.13961890043,8480.03200417654,8533.61901820678,7,1,3,3,1850,1897,1660,1420,1676,2243,2004,1545,1790,"","","372",1790
"5267",206.97226640609,206.971929302938,206.97329444607,8647.88413393887,8637.21323798089,8664.25165345107,4,2,1,1,1815,1669,1450,1586,1809,1771,1593,1529,1652,"","","389",1652
"8486",206.972377361647,206.971992277047,206.973258937024,8687.58277319253,8680.33096986929,8697.4709783214,6,2,2,2,1815,1693,1518,1649,1817,1771,1593,1529,1613,"","","388",1649
"9794",206.972497899128,206.971906640136,206.973089158121,8701.04002365274,8699.8689166056,8702.21113069987,2,0,1,1,1815,1683,1518,1649,1817,1771,1593,1499,1613,"","","388",1649
